category_of_package,count_of_cities,no_of_days,categories_by_price,accommodation_facility,price
5.0,1,3,0.0,0.0,8000.0
5.0,2,4,0.0,0.0,10000.0
5.0,3,5,0.0,0.0,12499.0
5.0,6,7,3.0,2.0,20000.0
9.0,7,8,3.0,2.0,23500.0
10.0,2,3,0.0,0.0,7000.0
10.0,2,3,0.0,0.0,8999.0
10.0,2,2,0.0,0.0,4800.0
10.0,2,2,0.0,0.0,6500.0
10.0,2,3,0.0,0.0,8000.0
10.0,1,3,0.0,0.0,12000.0
10.0,1,4,0.0,0.0,3825.0
10.0,4,6,0.0,0.0,6772.0
11.0,1,3,0.0,0.0,12899.0
10.0,1,3,0.0,0.0,7078.0
10.0,1,3,0.0,0.0,6778.0
10.0,1,3,3.0,1.0,23399.0
10.0,1,3,0.0,0.0,6278.0
9.0,8,10,2.0,3.0,32000.0
5.0,4,8,3.0,2.0,28100.0
5.0,2,3,0.0,0.0,8500.0
5.0,3,4,0.0,0.0,11299.0
5.0,1,3,0.0,0.0,8000.0
5.0,4,5,0.0,0.0,13000.0
5.0,6,6,3.0,2.0,21445.0
5.0,5,7,3.0,2.0,26640.0
4.0,5,8,2.0,3.0,33222.0
5.0,8,9,2.0,3.0,37000.0
5.0,5,6,3.0,2.0,23000.0
0.0,7,8,2.0,3.0,31500.0
9.0,6,10,1.0,4.0,51500.0
4.0,4,7,3.0,2.0,19999.0
5.0,8,10,1.0,4.0,55240.0
0.0,6,9,2.0,3.0,39250.0
0.0,6,7,3.0,2.0,24500.0
5.0,8,10,2.0,3.0,42250.0
5.0,7,12,1.0,4.0,58000.0
5.0,6,8,2.0,3.0,32500.0
5.0,6,9,2.0,3.0,40568.0
5.0,4,5,3.0,2.0,19000.0
6.0,5,7,2.0,4.0,32000.0
5.0,4,5,3.0,2.0,22000.0
5.0,4,8,2.0,3.0,49990.0
5.0,3,5,3.0,2.0,17999.0
4.0,6,8,3.0,2.0,29999.0
4.0,7,9,3.0,2.0,25999.0
4.0,7,8,3.0,2.0,22999.0
4.0,8,8,3.0,2.0,22999.0
4.0,5,8,3.0,2.0,29999.0
4.0,6,8,3.0,2.0,29999.0
5.0,3,6,0.0,0.0,12000.0
5.0,1,3,0.0,0.0,7000.0
5.0,4,6,3.0,2.0,22000.0
5.0,2,4,0.0,0.0,12428.0
3.0,3,7,3.0,2.0,27000.0
5.0,7,9,2.0,3.0,36000.0
5.0,5,7,3.0,2.0,26640.0
9.0,5,6,0.0,0.0,15000.0
5.0,7,7,3.0,2.0,20000.0
5.0,2,4,0.0,0.0,10500.0
5.0,6,7,3.0,2.0,20340.0
8.0,1,5,0.0,0.0,13240.0
5.0,2,3,0.0,0.0,10000.0
5.0,3,3,0.0,0.0,8000.0
8.0,4,4,0.0,0.0,12500.0
5.0,7,7,3.0,2.0,29000.0
5.0,4,3,0.0,0.0,10900.0
0.0,5,5,3.0,2.0,19090.0
8.0,8,7,3.0,2.0,26999.0
5.0,4,6,3.0,2.0,21550.0
8.0,10,7,3.0,2.0,28250.0
8.0,7,7,3.0,2.0,29000.0
8.0,10,7,2.0,4.0,30900.0
7.0,4,4,3.0,2.0,16500.0
5.0,6,7,3.0,2.0,28500.0
5.0,8,10,1.0,4.0,55240.0
8.0,7,5,3.0,2.0,22700.0
8.0,4,8,2.0,3.0,31000.0
0.0,6,8,2.0,3.0,35500.0
8.0,4,4,0.0,0.0,12000.0
5.0,3,10,2.0,3.0,48650.0
8.0,6,10,2.0,3.0,48900.0
4.0,5,5,0.0,0.0,12499.0
6.0,5,6,3.0,2.0,18990.0
6.0,6,7,3.0,2.0,24500.0
6.0,7,7,3.0,2.0,26000.0
6.0,7,7,2.0,4.0,30999.0
6.0,7,7,3.0,2.0,24000.0
6.0,6,7,3.0,2.0,24500.0
5.0,5,7,3.0,2.0,30000.0
4.0,8,7,3.0,2.0,26999.0
5.0,3,5,3.0,2.0,20250.0
5.0,6,6,3.0,2.0,22750.0
5.0,5,7,3.0,2.0,26640.0
6.0,6,7,3.0,2.0,27999.0
5.0,3,4,0.0,0.0,12999.0
5.0,6,5,0.0,0.0,14500.0
5.0,4,7,3.0,2.0,24750.0
5.0,8,10,2.0,3.0,42250.0
5.0,3,7,3.0,2.0,25600.0
8.0,10,7,2.0,4.0,30900.0
5.0,4,5,3.0,2.0,17650.0
9.0,6,10,1.0,4.0,51500.0
5.0,2,4,0.0,0.0,14250.0
5.0,5,6,3.0,2.0,21900.0
5.0,8,9,2.0,3.0,42120.0
8.0,5,4,0.0,0.0,13700.0
5.0,3,4,0.0,0.0,14000.0
5.0,6,8,2.0,3.0,33250.0
0.0,5,8,2.0,3.0,32250.0
4.0,3,5,3.0,2.0,21250.0
4.0,7,7,3.0,2.0,29000.0
6.0,6,6,3.0,2.0,21750.0
0.0,5,7,3.0,2.0,28500.0
6.0,8,9,2.0,3.0,38120.0
5.0,4,7,3.0,2.0,24000.0
6.0,4,5,3.0,2.0,19999.0
4.0,3,6,0.0,0.0,14499.0
5.0,1,3,0.0,0.0,6000.0
5.0,2,3,0.0,0.0,7500.0
5.0,5,6,0.0,0.0,13500.0
9.0,5,5,0.0,0.0,12000.0
5.0,3,4,0.0,0.0,10000.0
8.0,2,3,0.0,0.0,7800.0
8.0,6,7,3.0,2.0,16500.0
8.0,6,10,3.0,2.0,27000.0
8.0,6,6,3.0,2.0,16000.0
5.0,1,3,0.0,0.0,7500.0
5.0,3,4,0.0,0.0,11200.0
5.0,3,4,0.0,0.0,12000.0
5.0,2,3,0.0,0.0,7000.0
5.0,4,5,0.0,0.0,14000.0
5.0,4,8,3.0,2.0,21000.0
5.0,4,5,0.0,0.0,14000.0
10.0,4,5,0.0,0.0,12800.0
10.0,3,5,3.0,2.0,18500.0
5.0,3,5,0.0,0.0,10450.0
5.0,4,4,0.0,0.0,15000.0
5.0,6,5,3.0,2.0,16950.0
10.0,5,6,3.0,2.0,21950.0
5.0,7,7,2.0,4.0,38000.0
5.0,4,6,3.0,2.0,22000.0
5.0,5,5,0.0,0.0,13200.0
5.0,6,7,3.0,2.0,19450.0
5.0,4,6,3.0,2.0,15450.0
10.0,3,5,0.0,0.0,12500.0
5.0,2,5,0.0,0.0,12000.0
5.0,3,4,0.0,0.0,9000.0
10.0,3,4,0.0,0.0,10000.0
10.0,3,4,0.0,0.0,8500.0
3.0,3,5,0.0,0.0,12500.0
4.0,5,8,3.0,2.0,25000.0
5.0,7,7,0.0,0.0,11400.0
5.0,5,6,3.0,2.0,18500.0
5.0,5,5,0.0,0.0,15000.0
5.0,3,4,0.0,0.0,14350.0
5.0,5,5,0.0,0.0,8999.0
5.0,5,6,3.0,2.0,17650.0
3.0,5,5,0.0,0.0,8500.0
10.0,6,7,3.0,2.0,22500.0
5.0,8,8,0.0,0.0,13000.0
10.0,6,8,0.0,0.0,14000.0
10.0,6,6,3.0,2.0,19000.0
5.0,7,7,3.0,2.0,21500.0
10.0,5,5,3.0,2.0,15999.0
5.0,5,8,3.0,2.0,18000.0
5.0,3,5,0.0,0.0,12500.0
5.0,5,8,3.0,2.0,25000.0
10.0,6,7,3.0,2.0,22500.0
8.0,2,5,3.0,2.0,19500.0
3.0,5,5,0.0,0.0,8500.0
0.0,2,5,3.0,2.0,19500.0
5.0,8,8,0.0,0.0,13000.0
5.0,5,6,3.0,2.0,17650.0
5.0,7,7,0.0,0.0,11400.0
5.0,1,3,0.0,0.0,6500.0
3.0,2,4,0.0,0.0,14500.0
10.0,6,6,3.0,2.0,19000.0
5.0,2,4,0.0,0.0,14500.0
5.0,5,6,3.0,2.0,18500.0
5.0,3,4,0.0,0.0,12000.0
5.0,6,8,2.0,3.0,36000.0
5.0,8,8,3.0,2.0,25000.0
9.0,6,7,3.0,2.0,21000.0
5.0,6,8,3.0,2.0,23000.0
3.0,2,5,3.0,2.0,24633.0
5.0,6,8,2.0,3.0,36000.0
5.0,1,3,0.0,0.0,12999.0
7.0,1,4,3.0,2.0,22000.0
5.0,1,3,3.0,1.0,16000.0
5.0,1,3,0.0,0.0,11500.0
5.0,1,3,0.0,0.0,9000.0
5.0,1,2,0.0,0.0,5000.0
5.0,1,3,0.0,0.0,15000.0
5.0,2,4,3.0,2.0,19250.0
5.0,3,6,3.0,2.0,25500.0
5.0,1,5,0.0,0.0,8500.0
5.0,4,8,3.0,2.0,20000.0
5.0,1,3,0.0,0.0,11000.0
5.0,3,4,3.0,2.0,15999.0
5.0,7,5,3.0,2.0,17999.0
3.0,8,9,1.0,4.0,51900.0
5.0,1,6,0.0,0.0,10000.0
5.0,4,8,2.0,3.0,36750.0
6.0,3,6,3.0,2.0,22000.0
5.0,4,4,3.0,2.0,15900.0
4.0,3,4,0.0,0.0,13000.0
6.0,3,6,3.0,2.0,25300.0
5.0,2,4,0.0,0.0,8500.0
0.0,6,5,3.0,2.0,23590.0
5.0,3,6,3.0,2.0,23450.0
5.0,2,5,3.0,2.0,17999.0
2.0,5,5,3.0,2.0,20850.0
5.0,4,6,3.0,2.0,24800.0
6.0,4,5,3.0,2.0,20670.0
5.0,3,5,0.0,0.0,12400.0
0.0,2,4,0.0,0.0,13925.0
8.0,3,5,3.0,2.0,17400.0
5.0,1,5,3.0,2.0,20999.0
5.0,2,5,3.0,2.0,15999.0
5.0,2,6,0.0,0.0,13000.0
5.0,3,6,3.0,2.0,20250.0
6.0,3,6,3.0,2.0,27500.0
5.0,5,9,2.0,3.0,43500.0
5.0,10,10,2.0,3.0,49250.0
4.0,6,8,2.0,3.0,33500.0
5.0,5,7,2.0,4.0,30900.0
5.0,7,8,2.0,3.0,40500.0
5.0,6,10,2.0,3.0,45000.0
4.0,2,4,0.0,0.0,14800.0
5.0,4,4,0.0,0.0,12800.0
5.0,7,8,2.0,3.0,33500.0
5.0,3,4,0.0,0.0,11500.0
5.0,5,7,3.0,2.0,29999.0
7.0,3,7,3.0,2.0,29000.0
8.0,5,5,3.0,2.0,20876.0
5.0,6,9,2.0,3.0,44000.0
5.0,6,10,2.0,3.0,47999.0
2.0,2,5,3.0,2.0,22599.0
5.0,8,9,1.0,4.0,50900.0
6.0,3,5,3.0,2.0,19999.0
5.0,2,6,3.0,2.0,22850.0
4.0,4,8,2.0,3.0,35999.0
5.0,8,7,3.0,2.0,26450.0
5.0,4,6,0.0,0.0,13099.0
5.0,3,5,0.0,0.0,12400.0
5.0,5,4,0.0,0.0,14000.0
5.0,3,8,2.0,3.0,33999.0
5.0,4,8,2.0,3.0,33499.0
5.0,3,7,3.0,2.0,30000.0
4.0,3,3,0.0,0.0,11750.0
5.0,3,4,0.0,0.0,14500.0
5.0,4,6,3.0,2.0,25700.0
5.0,6,11,2.0,3.0,50000.0
5.0,3,3,0.0,0.0,11805.0
6.0,3,6,3.0,2.0,25300.0
6.0,2,5,0.0,0.0,13950.0
5.0,4,5,3.0,2.0,21000.0
5.0,6,7,2.0,4.0,30898.0
6.0,3,6,3.0,2.0,27500.0
5.0,6,10,2.0,3.0,48000.0
6.0,4,7,2.0,4.0,31500.0
5.0,6,11,1.0,4.0,51000.0
5.0,6,11,2.0,3.0,40000.0
5.0,5,9,2.0,3.0,44200.0
9.0,6,7,2.0,4.0,31700.0
5.0,4,7,2.0,4.0,31799.0
6.0,3,6,3.0,2.0,22000.0
5.0,2,6,3.0,2.0,25800.0
9.0,4,8,2.0,3.0,34999.0
6.0,2,4,0.0,0.0,14500.0
6.0,6,10,1.0,4.0,51500.0
5.0,6,3,0.0,0.0,11000.0
5.0,6,10,1.0,4.0,53499.0
5.0,3,4,0.0,0.0,14999.0
5.0,2,4,0.0,0.0,14780.0
5.0,2,3,0.0,0.0,12800.0
5.0,5,5,3.0,2.0,17400.0
5.0,3,5,3.0,2.0,19190.0
5.0,2,3,0.0,0.0,11599.0
2.0,2,6,3.0,2.0,25624.0
2.0,3,4,0.0,0.0,11999.0
0.0,6,5,3.0,2.0,18200.0
5.0,2,7,2.0,4.0,31500.0
5.0,4,8,2.0,3.0,36500.0
5.0,3,4,0.0,0.0,14430.0
2.0,4,9,2.0,3.0,40026.0
6.0,5,8,2.0,3.0,35500.0
5.0,4,4,0.0,0.0,12190.0
8.0,5,7,2.0,4.0,45900.0
6.0,2,7,3.0,2.0,23500.0
6.0,3,4,0.0,0.0,13999.0
6.0,6,5,3.0,2.0,16200.0
6.0,5,5,3.0,2.0,18299.0
6.0,4,4,0.0,0.0,11400.0
6.0,2,3,0.0,0.0,10500.0
6.0,5,8,2.0,3.0,32500.0
6.0,3,4,0.0,0.0,14800.0
6.0,2,3,0.0,0.0,9999.0
6.0,5,8,3.0,2.0,18500.0
5.0,2,5,0.0,0.0,10000.0
5.0,4,4,0.0,0.0,14500.0
11.0,2,3,0.0,0.0,10800.0
5.0,3,5,3.0,2.0,18000.0
5.0,3,6,3.0,2.0,20500.0
5.0,2,2,0.0,0.0,4000.0
5.0,3,3,0.0,0.0,11500.0
4.0,4,4,0.0,0.0,13999.0
5.0,5,5,3.0,2.0,20299.0
4.0,4,7,2.0,4.0,30500.0
10.0,4,6,3.0,2.0,23999.0
0.0,7,7,2.0,4.0,39900.0
8.0,3,3,0.0,0.0,12700.0
0.0,9,5,3.0,2.0,19399.0
5.0,2,2,0.0,0.0,9000.0
5.0,5,7,3.0,2.0,18000.0
5.0,2,5,0.0,0.0,15000.0
5.0,3,6,3.0,2.0,15499.0
5.0,2,5,0.0,0.0,12000.0
5.0,3,6,3.0,2.0,17000.0
5.0,5,10,2.0,3.0,31573.0
5.0,3,7,3.0,2.0,21324.0
6.0,3,7,0.0,0.0,15000.0
5.0,3,5,0.0,0.0,10000.0
6.0,2,3,0.0,0.0,6199.0
6.0,4,7,3.0,2.0,19500.0
0.0,3,5,0.0,0.0,12999.0
11.0,2,3,0.0,0.0,10000.0
5.0,2,5,3.0,2.0,20000.0
6.0,2,3,0.0,0.0,10800.0
4.0,2,3,0.0,0.0,9999.0
5.0,1,4,0.0,0.0,11300.0
11.0,1,3,0.0,0.0,8900.0
5.0,3,6,3.0,2.0,19000.0
5.0,2,5,3.0,2.0,16000.0
7.0,2,5,3.0,2.0,27000.0
6.0,1,4,0.0,0.0,12000.0
5.0,1,3,0.0,0.0,10000.0
5.0,3,5,3.0,2.0,15500.0
6.0,4,8,3.0,2.0,25500.0
6.0,2,3,0.0,0.0,9000.0
6.0,4,8,3.0,2.0,27500.0
6.0,4,8,2.0,3.0,33500.0
5.0,4,8,2.0,3.0,36500.0
4.0,4,8,2.0,3.0,30499.0
5.0,3,4,0.0,0.0,15000.0
5.0,4,6,3.0,2.0,24999.0
4.0,3,5,3.0,2.0,20000.0
5.0,4,3,0.0,0.0,10999.0
6.0,5,5,3.0,2.0,19500.0
6.0,5,6,3.0,2.0,24500.0
5.0,3,3,0.0,0.0,11499.0
6.0,4,4,0.0,0.0,13500.0
5.0,3,3,0.0,0.0,10800.0
2.0,5,5,3.0,2.0,20299.0
10.0,6,10,2.0,3.0,45000.0
4.0,4,6,3.0,2.0,23599.0
6.0,5,4,0.0,0.0,14500.0
5.0,3,6,3.0,2.0,25670.0
4.0,3,5,3.0,2.0,20500.0
5.0,5,7,3.0,2.0,26500.0
5.0,4,6,3.0,2.0,23999.0
5.0,4,8,2.0,3.0,36750.0
5.0,2,5,3.0,2.0,19000.0
10.0,6,8,2.0,3.0,30900.0
5.0,7,10,2.0,3.0,47000.0
5.0,4,7,2.0,4.0,30200.0
5.0,6,10,2.0,3.0,48000.0
5.0,3,5,3.0,2.0,20500.0
5.0,2,6,3.0,2.0,21500.0
5.0,3,6,3.0,2.0,23600.0
5.0,4,8,2.0,3.0,31000.0
5.0,3,7,2.0,4.0,36494.0
6.0,4,4,0.0,0.0,7500.0
7.0,3,3,3.0,1.0,22800.0
6.0,5,5,0.0,0.0,10699.0
6.0,6,10,3.0,2.0,23000.0
4.0,5,7,3.0,2.0,27500.0
6.0,5,7,3.0,2.0,19450.0
6.0,4,7,3.0,2.0,28999.0
5.0,2,5,3.0,2.0,15999.0
6.0,8,6,3.0,2.0,25499.0
6.0,2,5,3.0,2.0,25500.0
5.0,4,8,2.0,3.0,36500.0
5.0,3,7,3.0,2.0,16000.0
5.0,3,7,3.0,2.0,17000.0
5.0,4,7,3.0,2.0,15500.0
5.0,3,5,0.0,0.0,14000.0
5.0,3,3,0.0,0.0,11499.0
6.0,5,4,0.0,0.0,14500.0
5.0,5,5,3.0,2.0,20299.0
4.0,7,8,2.0,3.0,33500.0
4.0,6,10,2.0,3.0,48000.0
5.0,4,6,3.0,2.0,24999.0
5.0,3,3,0.0,0.0,10800.0
5.0,6,10,2.0,3.0,45000.0
6.0,4,6,3.0,2.0,17999.0
5.0,3,5,0.0,0.0,12000.0
5.0,3,5,0.0,0.0,14000.0
6.0,6,7,2.0,4.0,30898.0
5.0,4,4,0.0,0.0,15000.0
11.0,3,3,0.0,0.0,11805.0
4.0,7,8,2.0,3.0,33500.0
5.0,3,4,0.0,0.0,14999.0
9.0,6,7,3.0,2.0,29266.0
11.0,2,3,0.0,0.0,10500.0
6.0,2,5,0.0,0.0,12000.0
5.0,2,5,0.0,0.0,13000.0
11.0,3,4,3.0,2.0,15950.0
5.0,4,6,3.0,2.0,24800.0
5.0,2,5,0.0,0.0,12500.0
5.0,2,4,0.0,0.0,6000.0
5.0,2,6,0.0,0.0,15000.0
5.0,3,7,3.0,2.0,16500.0
6.0,4,6,3.0,2.0,19800.0
6.0,2,6,0.0,0.0,14850.0
5.0,2,6,3.0,2.0,19850.0
5.0,2,4,0.0,0.0,8999.0
0.0,3,4,0.0,0.0,12600.0
5.0,5,5,3.0,2.0,23000.0
0.0,3,4,0.0,0.0,9999.0
5.0,4,7,2.0,4.0,31500.0
5.0,9,10,2.0,3.0,49200.0
0.0,5,8,2.0,3.0,34500.0
5.0,5,7,2.0,4.0,35900.0
5.0,10,12,1.0,4.0,69972.0
5.0,7,10,1.0,4.0,51999.0
5.0,9,12,1.0,4.0,80500.0
0.0,5,6,3.0,2.0,26090.0
6.0,4,6,3.0,2.0,22720.0
6.0,5,5,3.0,2.0,20000.0
6.0,7,8,2.0,3.0,35500.0
6.0,8,9,2.0,3.0,40900.0
6.0,9,12,1.0,4.0,55500.0
6.0,9,12,3.0,2.0,28500.0
6.0,5,8,2.0,3.0,33500.0
6.0,8,9,2.0,3.0,43800.0
6.0,4,7,3.0,2.0,28500.0
6.0,5,7,3.0,2.0,24900.0
5.0,5,7,3.0,2.0,16500.0
5.0,5,6,3.0,2.0,22720.0
8.0,3,5,3.0,2.0,21712.0
5.0,5,8,2.0,3.0,35520.0
5.0,1,5,3.0,2.0,21000.0
5.0,2,3,0.0,0.0,11000.0
5.0,3,5,0.0,0.0,12000.0
5.0,2,5,0.0,0.0,8500.0
6.0,4,7,3.0,2.0,29500.0
5.0,5,7,3.0,2.0,28500.0
5.0,4,6,0.0,0.0,7999.0
5.0,6,7,3.0,2.0,17000.0
5.0,4,6,3.0,2.0,24999.0
9.0,9,11,1.0,4.0,59530.0
6.0,4,6,3.0,2.0,17999.0
6.0,4,6,3.0,2.0,24999.0
4.0,3,6,3.0,2.0,25133.0
0.0,9,12,1.0,4.0,59990.0
5.0,8,12,2.0,3.0,35000.0
5.0,7,8,2.0,3.0,40500.0
5.0,5,6,3.0,2.0,22500.0
5.0,6,7,3.0,2.0,17000.0
4.0,5,6,3.0,2.0,16500.0
5.0,9,10,2.0,3.0,49200.0
6.0,4,6,0.0,0.0,13500.0
6.0,5,6,3.0,2.0,16500.0
5.0,4,6,0.0,0.0,7999.0
5.0,9,10,1.0,4.0,50690.0
5.0,4,11,3.0,2.0,30000.0
5.0,5,6,3.0,2.0,17500.0
5.0,3,6,0.0,0.0,15000.0
5.0,1,4,0.0,0.0,11000.0
5.0,3,6,3.0,2.0,25670.0
5.0,8,7,3.0,2.0,27500.0
5.0,4,6,3.0,2.0,24999.0
6.0,5,4,0.0,0.0,14500.0
5.0,5,7,3.0,2.0,26500.0
5.0,4,7,3.0,2.0,17500.0
6.0,4,6,3.0,2.0,18000.0
8.0,2,2,0.0,0.0,5500.0
5.0,3,4,0.0,0.0,10500.0
6.0,5,4,0.0,0.0,12000.0
6.0,5,4,0.0,0.0,11000.0
9.0,6,6,3.0,2.0,17800.0
5.0,5,5,3.0,2.0,17400.0
5.0,2,4,0.0,0.0,8950.0
5.0,1,3,0.0,0.0,7000.0
0.0,2,5,0.0,0.0,7999.0
5.0,2,4,0.0,0.0,6750.0
5.0,5,10,2.0,3.0,40250.0
5.0,2,4,0.0,0.0,12599.0
5.0,2,3,0.0,0.0,5500.0
5.0,4,7,3.0,2.0,16000.0
5.0,4,6,0.0,0.0,15000.0
5.0,4,6,0.0,0.0,13799.0
5.0,3,5,0.0,0.0,12200.0
5.0,4,6,3.0,2.0,20450.0
8.0,5,8,2.0,3.0,34000.0
5.0,3,6,3.0,2.0,21550.0
5.0,5,9,2.0,3.0,38999.0
5.0,3,5,3.0,2.0,16649.0
5.0,3,5,0.0,0.0,15000.0
5.0,4,6,0.0,0.0,13799.0
5.0,4,7,3.0,2.0,16559.0
5.0,4,6,3.0,2.0,18900.0
6.0,4,7,3.0,2.0,16000.0
6.0,2,4,3.0,2.0,15899.0
6.0,4,6,0.0,0.0,15000.0
6.0,3,5,0.0,0.0,12000.0
6.0,5,10,3.0,2.0,24250.0
8.0,5,8,3.0,2.0,22000.0
6.0,3,5,0.0,0.0,12649.0
6.0,5,9,3.0,2.0,22999.0
6.0,5,10,3.0,2.0,24250.0
6.0,5,9,3.0,2.0,22999.0
6.0,3,5,0.0,0.0,12200.0
5.0,1,5,1.0,4.0,73450.0
6.0,3,5,3.0,2.0,19900.0
7.0,3,5,3.0,2.0,30000.0
6.0,3,5,0.0,0.0,12000.0
6.0,3,5,0.0,0.0,12000.0
6.0,4,6,0.0,0.0,13799.0
6.0,4,7,3.0,2.0,25000.0
6.0,1,3,0.0,0.0,7000.0
6.0,2,4,0.0,0.0,11050.0
2.0,2,3,0.0,0.0,6500.0
11.0,3,3,3.0,1.0,27600.0
11.0,3,3,0.0,0.0,14206.0
11.0,3,3,0.0,0.0,9649.0
11.0,3,3,0.0,0.0,8503.0
11.0,3,3,0.0,0.0,8160.0
11.0,3,3,0.0,0.0,7009.0
11.0,3,3,3.0,1.0,27800.0
3.0,4,5,0.0,0.0,11999.0
5.0,4,7,3.0,2.0,25335.0
9.0,5,9,3.0,2.0,22999.0
5.0,3,5,0.0,0.0,12649.0
5.0,4,6,3.0,2.0,18900.0
8.0,6,5,0.0,0.0,15000.0
5.0,4,7,3.0,2.0,16559.0
5.0,5,9,2.0,3.0,35999.0
5.0,4,6,0.0,0.0,14700.0
5.0,4,6,0.0,0.0,11500.0
5.0,3,5,3.0,2.0,16649.0
5.0,3,4,0.0,0.0,14350.0
3.0,4,8,2.0,3.0,35800.0
5.0,4,5,0.0,0.0,13900.0
6.0,4,6,3.0,2.0,18000.0
5.0,6,7,2.0,4.0,34500.0
6.0,4,6,0.0,0.0,14000.0
9.0,5,9,3.0,2.0,22999.0
6.0,5,9,3.0,2.0,22999.0
6.0,4,7,3.0,2.0,25335.0
6.0,3,5,0.0,0.0,12649.0
6.0,3,5,0.0,0.0,12649.0
8.0,6,5,0.0,0.0,15000.0
6.0,4,7,3.0,2.0,18000.0
6.0,3,4,0.0,0.0,14350.0
6.0,4,6,3.0,2.0,20000.0
6.0,4,6,3.0,2.0,18800.0
11.0,1,2,0.0,0.0,4000.0
5.0,1,3,0.0,0.0,5000.0
7.0,3,6,0.0,0.0,13799.0
3.0,2,5,0.0,0.0,9000.0
0.0,1,2,0.0,0.0,2999.0
5.0,1,4,0.0,0.0,14300.0
10.0,9,8,2.0,3.0,38750.0
8.0,3,5,0.0,0.0,12649.0
6.0,2,3,0.0,0.0,7300.0
5.0,3,5,0.0,0.0,5000.0
3.0,3,6,0.0,0.0,13799.0
11.0,2,3,0.0,0.0,6000.0
5.0,4,7,3.0,2.0,25000.0
5.0,3,5,3.0,2.0,16649.0
5.0,4,6,3.0,2.0,20450.0
5.0,4,7,3.0,2.0,25335.0
3.0,4,7,3.0,2.0,16559.0
3.0,4,8,2.0,3.0,35800.0
5.0,4,7,3.0,2.0,24559.0
5.0,5,9,2.0,3.0,38999.0
3.0,4,6,3.0,2.0,19000.0
6.0,3,5,3.0,2.0,16000.0
11.0,3,3,0.0,0.0,7000.0
8.0,1,3,0.0,0.0,15000.0
4.0,4,7,3.0,2.0,25500.0
11.0,2,3,3.0,1.0,25767.0
11.0,2,3,3.0,1.0,22073.0
11.0,2,3,2.0,3.0,36756.0
11.0,2,3,3.0,1.0,19672.0
11.0,2,3,0.0,0.0,14000.0
11.0,2,3,3.0,1.0,15444.0
5.0,5,9,2.0,3.0,35999.0
5.0,1,4,0.0,0.0,4100.0
5.0,3,4,0.0,0.0,14300.0
5.0,4,5,3.0,2.0,21000.0
5.0,3,3,0.0,0.0,11500.0
5.0,4,5,3.0,2.0,18900.0
5.0,7,8,3.0,2.0,28700.0
8.0,3,3,0.0,0.0,10900.0
6.0,5,7,1.0,4.0,55000.0
5.0,4,6,3.0,2.0,23700.0
11.0,4,5,0.0,0.0,13100.0
8.0,4,5,3.0,2.0,19000.0
5.0,5,6,3.0,2.0,24670.0
6.0,4,7,3.0,2.0,27950.0
5.0,5,6,3.0,2.0,24550.0
5.0,3,4,0.0,0.0,14999.0
5.0,5,8,3.0,2.0,27569.0
5.0,5,7,3.0,2.0,28000.0
6.0,3,4,0.0,0.0,12000.0
5.0,5,7,3.0,2.0,28000.0
6.0,4,5,3.0,2.0,19100.0
5.0,6,8,2.0,3.0,35250.0
4.0,4,5,3.0,2.0,19200.0
4.0,6,7,3.0,2.0,28000.0
9.0,5,8,2.0,3.0,31197.0
6.0,5,6,3.0,2.0,27000.0
5.0,3,5,3.0,2.0,18849.0
6.0,5,7,3.0,2.0,27400.0
5.0,2,4,0.0,0.0,14500.0
2.0,2,3,0.0,0.0,12000.0
12.0,3,6,3.0,2.0,24000.0
11.0,2,3,0.0,0.0,12350.0
5.0,3,4,0.0,0.0,14200.0
6.0,4,6,3.0,2.0,23500.0
5.0,4,6,3.0,2.0,25500.0
1.0,6,9,2.0,3.0,40800.0
5.0,9,9,2.0,3.0,31098.0
7.0,4,6,1.0,4.0,50500.0
8.0,5,7,3.0,2.0,26400.0
5.0,3,4,0.0,0.0,13700.0
4.0,7,10,2.0,3.0,40999.0
6.0,5,8,2.0,3.0,31200.0
7.0,3,6,2.0,4.0,40000.0
6.0,5,6,3.0,2.0,26400.0
5.0,6,7,3.0,2.0,23550.0
5.0,5,6,3.0,2.0,26900.0
5.0,4,7,3.0,2.0,27500.0
5.0,5,7,3.0,2.0,27500.0
4.0,2,4,0.0,0.0,13000.0
5.0,5,7,3.0,2.0,29999.0
5.0,5,7,3.0,2.0,26000.0
4.0,8,10,1.0,4.0,51900.0
6.0,5,6,3.0,2.0,23550.0
4.0,4,7,3.0,2.0,24500.0
5.0,3,5,3.0,2.0,17350.0
5.0,4,6,3.0,2.0,27999.0
5.0,3,4,0.0,0.0,14000.0
6.0,3,6,3.0,2.0,21000.0
5.0,5,8,2.0,3.0,32300.0
6.0,7,9,2.0,3.0,44890.0
7.0,3,6,2.0,4.0,40000.0
5.0,2,4,0.0,0.0,13500.0
5.0,8,11,1.0,4.0,53500.0
5.0,4,7,3.0,2.0,27500.0
8.0,3,6,3.0,2.0,22100.0
5.0,2,5,2.0,4.0,33000.0
5.0,4,7,2.0,4.0,30200.0
5.0,3,6,3.0,2.0,21349.0
5.0,4,7,3.0,2.0,26700.0
5.0,5,10,2.0,3.0,48500.0
2.0,4,5,3.0,2.0,15899.0
5.0,4,4,0.0,0.0,14250.0
4.0,2,4,0.0,0.0,13500.0
5.0,1,3,0.0,0.0,11572.0
5.0,5,6,3.0,2.0,24700.0
4.0,9,10,2.0,3.0,40000.0
7.0,5,6,1.0,4.0,59947.0
5.0,4,4,0.0,0.0,14340.0
5.0,3,4,0.0,0.0,12999.0
5.0,5,8,3.0,2.0,29300.0
5.0,3,6,3.0,2.0,21700.0
5.0,6,8,2.0,3.0,37000.0
5.0,2,4,0.0,0.0,14500.0
5.0,3,5,0.0,0.0,14499.0
5.0,4,5,3.0,2.0,18000.0
5.0,5,7,3.0,2.0,26410.0
5.0,4,6,3.0,2.0,22000.0
6.0,3,4,0.0,0.0,15000.0
5.0,9,12,2.0,3.0,43500.0
5.0,3,3,0.0,0.0,11500.0
5.0,5,7,3.0,2.0,28000.0
8.0,5,8,2.0,3.0,32300.0
11.0,2,3,0.0,0.0,8999.0
6.0,3,4,0.0,0.0,13200.0
5.0,2,3,0.0,0.0,9999.0
8.0,3,6,3.0,2.0,22100.0
5.0,6,9,2.0,3.0,40800.0
5.0,5,7,3.0,2.0,26410.0
5.0,5,7,3.0,2.0,26000.0
5.0,4,6,3.0,2.0,22000.0
5.0,3,4,0.0,0.0,13990.0
5.0,4,6,3.0,2.0,27999.0
5.0,5,6,3.0,2.0,24700.0
6.0,5,7,3.0,2.0,26000.0
5.0,3,4,0.0,0.0,14999.0
5.0,7,10,2.0,3.0,35000.0
5.0,5,7,3.0,2.0,23294.0
5.0,4,7,3.0,2.0,26422.0
5.0,6,8,3.0,2.0,29200.0
4.0,7,11,2.0,3.0,39799.0
6.0,6,8,3.0,2.0,26500.0
5.0,6,9,2.0,3.0,40000.0
5.0,4,6,3.0,2.0,24399.0
11.0,1,3,0.0,0.0,4700.0
0.0,2,4,3.0,2.0,15555.0
8.0,2,3,0.0,0.0,7999.0
5.0,2,4,0.0,0.0,13000.0
4.0,2,3,0.0,0.0,4500.0
7.0,2,4,1.0,4.0,70000.0
4.0,2,2,0.0,0.0,3969.0
6.0,1,3,0.0,0.0,8200.0
5.0,2,3,0.0,0.0,6300.0
2.0,2,3,0.0,0.0,9900.0
5.0,2,3,0.0,0.0,6150.0
5.0,2,3,0.0,0.0,5750.0
6.0,1,4,3.0,2.0,24500.0
5.0,4,6,3.0,2.0,24307.0
5.0,4,6,3.0,2.0,20907.0
7.0,2,3,2.0,3.0,45000.0
5.0,5,10,2.0,3.0,40500.0
6.0,2,3,0.0,0.0,11999.0
6.0,2,3,0.0,0.0,9900.0
7.0,2,3,1.0,4.0,80000.0
1.0,3,6,3.0,2.0,21300.0
5.0,5,8,2.0,3.0,32300.0
5.0,4,6,3.0,2.0,21000.0
5.0,5,6,3.0,2.0,20191.0
5.0,8,9,2.0,3.0,32200.0
5.0,4,5,3.0,2.0,16000.0
5.0,7,8,3.0,2.0,28000.0
2.0,4,5,0.0,0.0,12000.0
5.0,1,3,0.0,0.0,9000.0
6.0,8,10,2.0,3.0,43679.0
1.0,3,6,3.0,2.0,19700.0
8.0,4,8,2.0,3.0,30300.0
7.0,4,6,2.0,4.0,43550.0
5.0,5,8,3.0,2.0,25999.0
6.0,2,3,0.0,0.0,8500.0
5.0,3,6,3.0,2.0,17165.0
7.0,2,5,1.0,4.0,87800.0
6.0,2,3,3.0,1.0,24599.0
0.0,3,5,3.0,2.0,18000.0
7.0,2,3,3.0,1.0,20500.0
5.0,3,6,3.0,2.0,23200.0
5.0,3,6,3.0,2.0,18000.0
5.0,4,6,3.0,2.0,24300.0
5.0,3,5,3.0,2.0,15782.0
5.0,5,6,3.0,2.0,20191.0
5.0,3,6,3.0,2.0,22934.0
5.0,6,10,3.0,2.0,26799.0
5.0,4,6,3.0,2.0,24399.0
5.0,2,5,3.0,2.0,19999.0
5.0,4,6,3.0,2.0,25099.0
5.0,4,7,3.0,2.0,24000.0
5.0,6,8,3.0,2.0,29200.0
5.0,4,7,3.0,2.0,26422.0
5.0,4,6,3.0,2.0,25605.0
5.0,4,7,3.0,2.0,26700.0
5.0,4,8,2.0,3.0,38000.0
5.0,4,6,3.0,2.0,22673.0
5.0,1,3,0.0,0.0,7184.0
5.0,3,6,3.0,2.0,22934.0
5.0,3,5,3.0,2.0,17104.0
2.0,4,6,3.0,2.0,21458.0
5.0,5,6,3.0,2.0,24670.0
5.0,4,5,3.0,2.0,15900.0
5.0,2,3,0.0,0.0,7000.0
5.0,6,9,2.0,3.0,40000.0
7.0,3,5,2.0,4.0,39000.0
1.0,3,6,3.0,2.0,21300.0
10.0,5,7,3.0,2.0,23294.0
5.0,5,9,3.0,2.0,29349.0
5.0,2,4,0.0,0.0,10499.0
5.0,3,5,0.0,0.0,13500.0
5.0,2,3,0.0,0.0,7999.0
9.0,6,8,3.0,2.0,26350.0
1.0,5,7,3.0,2.0,21977.0
10.0,4,6,3.0,2.0,20428.0
6.0,4,7,3.0,2.0,26500.0
1.0,6,7,3.0,2.0,24000.0
5.0,6,8,2.0,3.0,37000.0
6.0,5,7,3.0,2.0,26000.0
5.0,5,7,3.0,2.0,26999.0
5.0,4,7,3.0,2.0,26422.0
5.0,6,8,3.0,2.0,29200.0
5.0,3,6,3.0,2.0,17165.0
6.0,6,8,3.0,2.0,26500.0
11.0,2,4,0.0,0.0,9822.0
5.0,1,3,0.0,0.0,6000.0
5.0,2,5,0.0,0.0,11500.0
5.0,3,5,0.0,0.0,12000.0
5.0,3,4,0.0,0.0,10000.0
5.0,4,5,0.0,0.0,12500.0
5.0,3,6,3.0,2.0,19499.0
5.0,4,7,3.0,2.0,19900.0
10.0,3,7,3.0,2.0,16000.0
10.0,5,7,3.0,2.0,21977.0
5.0,1,3,0.0,0.0,6599.0
5.0,3,4,0.0,0.0,9200.0
5.0,4,4,0.0,0.0,10099.0
11.0,2,3,0.0,0.0,10250.0
5.0,4,5,0.0,0.0,15000.0
5.0,6,9,3.0,2.0,30000.0
4.0,4,6,3.0,2.0,27999.0
9.0,4,8,2.0,3.0,38000.0
6.0,4,7,3.0,2.0,26500.0
5.0,4,6,3.0,2.0,25099.0
5.0,4,6,3.0,2.0,25605.0
5.0,4,6,3.0,2.0,24300.0
5.0,5,8,3.0,2.0,25999.0
5.0,4,5,3.0,2.0,18000.0
7.0,2,4,1.0,4.0,69000.0
5.0,4,6,3.0,2.0,25099.0
2.0,4,5,3.0,2.0,15899.0
5.0,5,7,3.0,2.0,26410.0
6.0,5,6,3.0,2.0,21900.0
6.0,5,6,0.0,0.0,14900.0
4.0,5,6,3.0,2.0,19900.0
5.0,2,3,0.0,0.0,7000.0
5.0,3,4,0.0,0.0,9000.0
5.0,3,4,0.0,0.0,10000.0
5.0,6,7,3.0,2.0,16000.0
5.0,4,5,3.0,2.0,17650.0
2.0,4,5,3.0,2.0,15899.0
6.0,6,8,3.0,2.0,26500.0
5.0,5,6,1.0,4.0,59947.0
5.0,5,7,3.0,2.0,26410.0
5.0,4,6,3.0,2.0,22000.0
5.0,5,6,3.0,2.0,20191.0
11.0,2,4,0.0,0.0,9822.0
5.0,3,4,0.0,0.0,10000.0
5.0,1,3,0.0,0.0,6500.0
5.0,2,3,0.0,0.0,7500.0
5.0,3,4,0.0,0.0,10000.0
5.0,6,7,3.0,2.0,18000.0
7.0,3,5,2.0,4.0,39000.0
2.0,4,5,3.0,2.0,15899.0
5.0,2,4,0.0,0.0,10800.0
5.0,2,6,3.0,2.0,17490.0
3.0,5,7,3.0,2.0,30000.0
3.0,6,8,3.0,2.0,20500.0
5.0,1,4,0.0,0.0,6600.0
5.0,1,3,0.0,0.0,6500.0
5.0,1,4,0.0,0.0,10000.0
5.0,3,4,0.0,0.0,10500.0
5.0,3,3,0.0,0.0,9999.0
10.0,2,3,0.0,0.0,9489.0
10.0,4,4,0.0,0.0,12500.0
10.0,6,10,3.0,2.0,27000.0
10.0,4,5,3.0,2.0,15080.0
5.0,6,9,3.0,2.0,25000.0
10.0,2,3,0.0,0.0,9800.0
10.0,2,3,0.0,0.0,8780.0
10.0,2,4,0.0,0.0,13000.0
5.0,3,3,0.0,0.0,9999.0
3.0,3,3,0.0,0.0,6680.0
5.0,1,4,0.0,0.0,12500.0
5.0,4,6,3.0,2.0,21000.0
5.0,6,7,3.0,2.0,25999.0
5.0,5,9,2.0,3.0,33000.0
3.0,4,6,3.0,2.0,21000.0
8.0,4,3,0.0,0.0,12400.0
5.0,1,3,0.0,0.0,9000.0
5.0,2,3,0.0,0.0,10000.0
8.0,1,3,0.0,0.0,10000.0
5.0,5,7,3.0,2.0,23000.0
6.0,5,7,3.0,2.0,24900.0
5.0,3,4,0.0,0.0,11999.0
5.0,10,11,1.0,4.0,95000.0
3.0,2,5,3.0,2.0,16400.0
5.0,4,6,2.0,4.0,35500.0
5.0,4,6,3.0,2.0,21550.0
5.0,4,9,2.0,3.0,31999.0
5.0,2,6,2.0,4.0,40800.0
1.0,2,4,3.0,2.0,17500.0
5.0,3,8,1.0,4.0,86400.0
11.0,2,3,0.0,0.0,7590.0
10.0,2,4,0.0,0.0,10900.0
11.0,2,3,0.0,0.0,14850.0
1.0,7,8,2.0,3.0,34600.0
10.0,2,3,0.0,0.0,11000.0
5.0,7,6,1.0,4.0,60367.0
0.0,5,5,2.0,4.0,47450.0
5.0,5,4,2.0,4.0,44768.0
3.0,1,4,0.0,0.0,12850.0
7.0,5,4,1.0,4.0,56728.0
10.0,3,5,3.0,2.0,17500.0
5.0,2,3,0.0,0.0,6250.0
5.0,3,5,0.0,0.0,11999.0
5.0,2,3,3.0,1.0,19500.0
5.0,4,5,3.0,2.0,22350.0
10.0,2,3,0.0,0.0,14900.0
5.0,1,4,3.0,2.0,17750.0
5.0,1,2,0.0,0.0,9500.0
8.0,6,5,0.0,0.0,14250.0
7.0,2,4,0.0,0.0,8900.0
5.0,2,4,3.0,2.0,15600.0
5.0,4,4,0.0,0.0,14300.0
5.0,1,2,0.0,0.0,8850.0
5.0,3,5,3.0,2.0,15200.0
5.0,3,6,3.0,2.0,20500.0
5.0,6,8,2.0,3.0,33250.0
5.0,4,5,3.0,2.0,19500.0
5.0,8,7,3.0,2.0,26999.0
5.0,5,6,3.0,2.0,20250.0
6.0,3,5,3.0,2.0,18000.0
5.0,6,7,3.0,2.0,26500.0
5.0,8,9,2.0,3.0,42120.0
0.0,3,4,0.0,0.0,11999.0
9.0,3,6,3.0,2.0,19000.0
5.0,3,4,0.0,0.0,12999.0
5.0,5,5,0.0,0.0,14150.0
8.0,2,4,0.0,0.0,13100.0
5.0,4,6,3.0,2.0,21550.0
5.0,4,4,0.0,0.0,12500.0
5.0,3,7,3.0,2.0,26120.0
5.0,2,3,0.0,0.0,8700.0
5.0,5,6,3.0,2.0,21596.0
4.0,7,7,3.0,2.0,29000.0
6.0,3,5,3.0,2.0,18000.0
4.0,4,4,0.0,0.0,11500.0
6.0,3,6,3.0,2.0,21500.0
0.0,5,5,3.0,2.0,16120.0
5.0,3,7,3.0,2.0,26120.0
3.0,3,6,3.0,2.0,30000.0
5.0,3,5,3.0,2.0,16800.0
4.0,3,4,0.0,0.0,7000.0
3.0,1,2,0.0,0.0,5500.0
5.0,4,8,2.0,3.0,36750.0
5.0,2,3,0.0,0.0,5999.0
5.0,1,4,0.0,0.0,11500.0
4.0,2,3,0.0,0.0,11900.0
5.0,1,3,0.0,0.0,11000.0
5.0,4,8,2.0,3.0,32580.0
10.0,2,5,3.0,2.0,17600.0
5.0,2,5,0.0,0.0,11499.0
10.0,6,10,2.0,3.0,46900.0
6.0,4,8,2.0,3.0,33450.0
6.0,3,5,0.0,0.0,14799.0
5.0,3,5,0.0,0.0,14500.0
6.0,4,6,3.0,2.0,25199.0
5.0,5,10,3.0,2.0,22500.0
5.0,5,7,3.0,2.0,26500.0
11.0,3,3,0.0,0.0,11805.0
5.0,6,7,2.0,4.0,30898.0
6.0,4,5,3.0,2.0,20670.0
6.0,6,3,0.0,0.0,11000.0
4.0,4,7,3.0,2.0,27000.0
4.0,8,9,1.0,4.0,50900.0
5.0,5,6,3.0,2.0,22500.0
5.0,3,4,0.0,0.0,14500.0
0.0,5,6,3.0,2.0,26090.0
4.0,6,10,2.0,3.0,48000.0
5.0,9,10,2.0,3.0,49200.0
5.0,4,8,2.0,3.0,36500.0
5.0,4,6,3.0,2.0,25700.0
5.0,6,7,3.0,2.0,17000.0
5.0,9,12,1.0,4.0,80500.0
9.0,5,8,2.0,3.0,34500.0
5.0,5,11,3.0,2.0,25000.0
10.0,4,9,3.0,2.0,20700.0
5.0,2,5,0.0,0.0,12000.0
5.0,4,8,3.0,2.0,21000.0
5.0,3,6,3.0,2.0,19000.0
5.0,4,8,3.0,2.0,21000.0
5.0,3,6,3.0,2.0,20000.0
5.0,5,10,3.0,2.0,30000.0
5.0,3,6,3.0,2.0,20000.0
5.0,3,7,3.0,2.0,17499.0
2.0,3,7,3.0,2.0,15500.0
6.0,6,7,3.0,2.0,24900.0
6.0,6,7,3.0,2.0,28999.0
5.0,4,6,3.0,2.0,24999.0
5.0,7,8,2.0,3.0,33500.0
11.0,2,3,0.0,0.0,7999.0
5.0,3,6,3.0,2.0,20999.0
7.0,3,7,2.0,4.0,32500.0
6.0,2,4,0.0,0.0,14975.0
9.0,5,8,1.0,4.0,55400.0
7.0,4,7,1.0,4.0,50916.0
11.0,1,3,0.0,0.0,6800.0
7.0,2,5,2.0,4.0,35000.0
5.0,4,7,3.0,2.0,27000.0
7.0,6,9,1.0,4.0,58250.0
5.0,3,7,3.0,2.0,28000.0
5.0,7,9,2.0,3.0,34300.0
4.0,4,7,3.0,2.0,27430.0
5.0,3,5,3.0,2.0,19500.0
5.0,4,8,2.0,3.0,35250.0
5.0,3,6,3.0,2.0,19099.0
4.0,10,12,2.0,3.0,40000.0
3.0,4,4,0.0,0.0,12000.0
5.0,3,6,3.0,2.0,20500.0
8.0,4,5,3.0,2.0,17700.0
4.0,1,4,0.0,0.0,12450.0
5.0,3,5,3.0,2.0,15250.0
5.0,4,8,3.0,2.0,29999.0
5.0,2,5,0.0,0.0,15000.0
5.0,8,11,1.0,4.0,56700.0
5.0,2,4,0.0,0.0,13500.0
6.0,3,6,3.0,2.0,25999.0
5.0,3,6,3.0,2.0,19900.0
5.0,3,6,3.0,2.0,22500.0
11.0,2,3,0.0,0.0,7500.0
5.0,4,8,3.0,2.0,30000.0
5.0,4,8,3.0,2.0,30000.0
9.0,3,7,2.0,4.0,41600.0
5.0,1,3,0.0,0.0,7999.0
5.0,3,6,3.0,2.0,25228.0
5.0,3,3,0.0,0.0,8500.0
6.0,3,7,2.0,4.0,47750.0
5.0,6,12,1.0,4.0,74999.0
4.0,7,9,2.0,3.0,31300.0
5.0,2,4,0.0,0.0,9000.0
5.0,5,7,3.0,2.0,25450.0
5.0,3,4,0.0,0.0,12900.0
7.0,3,7,2.0,4.0,35000.0
5.0,3,6,3.0,2.0,22000.0
5.0,4,6,3.0,2.0,20500.0
3.0,4,10,1.0,4.0,61000.0
5.0,5,9,2.0,3.0,32890.0
6.0,3,4,0.0,0.0,14000.0
3.0,1,3,0.0,0.0,11000.0
5.0,4,6,3.0,2.0,20750.0
8.0,1,4,0.0,0.0,14800.0
5.0,2,4,0.0,0.0,14500.0
5.0,3,6,2.0,4.0,31000.0
3.0,5,8,2.0,3.0,30250.0
5.0,5,6,3.0,2.0,21000.0
11.0,1,3,0.0,0.0,10900.0
5.0,1,4,0.0,0.0,13250.0
5.0,3,5,0.0,0.0,11500.0
5.0,1,5,3.0,2.0,16999.0
6.0,3,7,2.0,4.0,47750.0
3.0,1,3,0.0,0.0,8999.0
5.0,5,9,2.0,3.0,34349.0
5.0,6,5,3.0,2.0,24457.0
5.0,4,6,3.0,2.0,22560.0
6.0,3,4,0.0,0.0,12250.0
3.0,1,3,0.0,0.0,9200.0
10.0,4,5,3.0,2.0,19500.0
7.0,4,9,2.0,3.0,45560.0
5.0,3,6,3.0,2.0,20500.0
4.0,4,4,0.0,0.0,14000.0
5.0,4,7,3.0,2.0,26999.0
7.0,7,6,2.0,4.0,30300.0
5.0,3,4,0.0,0.0,14250.0
7.0,4,8,3.0,2.0,29999.0
7.0,5,8,1.0,4.0,55400.0
5.0,5,6,3.0,2.0,25000.0
5.0,7,12,2.0,3.0,43192.0
5.0,1,4,0.0,0.0,13500.0
7.0,1,3,2.0,3.0,38500.0
5.0,3,4,3.0,2.0,16000.0
5.0,3,5,3.0,2.0,16050.0
5.0,2,5,3.0,2.0,16850.0
5.0,4,9,2.0,3.0,45560.0
6.0,5,7,3.0,2.0,27999.0
5.0,8,9,2.0,3.0,32457.0
4.0,5,6,3.0,2.0,25000.0
7.0,4,8,3.0,2.0,29999.0
8.0,4,7,3.0,2.0,25900.0
5.0,3,7,3.0,2.0,28800.0
5.0,3,6,3.0,2.0,20999.0
6.0,3,6,3.0,2.0,25916.0
5.0,2,4,0.0,0.0,13800.0
5.0,7,10,3.0,2.0,26800.0
4.0,2,4,0.0,0.0,13800.0
4.0,5,7,3.0,2.0,27999.0
4.0,3,6,3.0,2.0,20999.0
6.0,4,8,2.0,3.0,31250.0
6.0,4,7,3.0,2.0,26300.0
6.0,4,6,3.0,2.0,21560.0
7.0,4,7,3.0,2.0,25916.0
6.0,5,6,3.0,2.0,19999.0
5.0,3,5,3.0,2.0,16050.0
2.0,1,3,0.0,0.0,9700.0
5.0,4,7,3.0,2.0,25900.0
5.0,2,4,0.0,0.0,13800.0
4.0,4,7,3.0,2.0,27430.0
5.0,2,5,3.0,2.0,16850.0
7.0,1,4,3.0,2.0,20629.0
3.0,1,3,0.0,0.0,9500.0
0.0,1,3,0.0,0.0,1199.0
5.0,3,4,3.0,2.0,16000.0
5.0,1,3,0.0,0.0,12450.0
5.0,7,10,2.0,3.0,38900.0
5.0,1,3,0.0,0.0,10900.0
5.0,1,4,0.0,0.0,12629.0
5.0,5,8,2.0,3.0,32000.0
7.0,10,12,2.0,3.0,50000.0
7.0,2,4,2.0,4.0,45900.0
6.0,7,6,3.0,2.0,25300.0
5.0,3,6,3.0,2.0,20000.0
4.0,4,8,3.0,2.0,29999.0
10.0,5,7,3.0,2.0,25000.0
5.0,6,7,3.0,2.0,17328.0
5.0,5,8,3.0,2.0,24272.0
5.0,4,7,3.0,2.0,21772.0
6.0,4,8,3.0,2.0,29999.0
5.0,3,6,3.0,2.0,20500.0
8.0,3,7,2.0,4.0,41600.0
5.0,1,3,0.0,0.0,7999.0
5.0,3,6,3.0,2.0,22500.0
5.0,6,7,3.0,2.0,22500.0
5.0,3,6,3.0,2.0,25228.0
5.0,3,6,3.0,2.0,21500.0
9.0,3,7,2.0,4.0,41600.0
10.0,7,10,2.0,3.0,38900.0
5.0,5,9,2.0,3.0,34349.0
5.0,4,6,0.0,0.0,14800.0
11.0,2,3,0.0,0.0,7999.0
6.0,3,4,0.0,0.0,12250.0
6.0,3,4,0.0,0.0,11700.0
5.0,5,6,3.0,2.0,25000.0
5.0,5,7,3.0,2.0,27450.0
6.0,3,5,3.0,2.0,16000.0
6.0,4,6,3.0,2.0,17750.0
6.0,5,8,3.0,2.0,23400.0
6.0,3,4,0.0,0.0,11000.0
6.0,4,7,3.0,2.0,17999.0
6.0,5,6,3.0,2.0,22890.0
6.0,4,7,3.0,2.0,28999.0
0.0,4,6,3.0,2.0,26750.0
5.0,4,7,3.0,2.0,20500.0
8.0,5,5,0.0,0.0,10600.0
5.0,1,3,0.0,0.0,9599.0
11.0,1,3,0.0,0.0,7500.0
3.0,3,4,0.0,0.0,12000.0
5.0,3,4,0.0,0.0,10000.0
5.0,5,6,3.0,2.0,21000.0
8.0,4,7,1.0,4.0,55200.0
5.0,3,6,3.0,2.0,22500.0
5.0,3,5,3.0,2.0,17999.0
5.0,3,5,3.0,2.0,16200.0
5.0,2,4,0.0,0.0,12500.0
5.0,2,5,3.0,2.0,18800.0
5.0,6,8,2.0,3.0,31870.0
5.0,4,6,3.0,2.0,24700.0
5.0,2,4,0.0,0.0,13600.0
8.0,4,7,3.0,2.0,28017.0
5.0,2,6,3.0,2.0,23799.0
6.0,5,8,3.0,2.0,29999.0
0.0,5,7,3.0,2.0,29000.0
7.0,4,6,2.0,4.0,33500.0
6.0,5,9,2.0,3.0,46000.0
4.0,5,10,2.0,3.0,41000.0
5.0,7,10,2.0,3.0,46400.0
5.0,3,5,3.0,2.0,19800.0
4.0,4,6,3.0,2.0,23891.0
6.0,3,8,2.0,3.0,31200.0
5.0,2,4,0.0,0.0,13700.0
6.0,2,5,3.0,2.0,18890.0
5.0,7,9,2.0,3.0,40820.0
8.0,4,7,3.0,2.0,28900.0
0.0,6,7,3.0,2.0,27200.0
5.0,2,4,0.0,0.0,13800.0
5.0,3,7,3.0,2.0,26600.0
5.0,5,8,2.0,3.0,31500.0
5.0,3,5,3.0,2.0,18000.0
6.0,4,5,3.0,2.0,21000.0
5.0,8,10,1.0,4.0,61320.0
5.0,3,5,3.0,2.0,16000.0
11.0,1,4,0.0,0.0,14700.0
5.0,4,8,2.0,3.0,32900.0
5.0,3,6,3.0,2.0,24000.0
5.0,3,6,3.0,2.0,19999.0
5.0,4,6,3.0,2.0,22100.0
7.0,6,10,1.0,4.0,53720.0
6.0,5,8,2.0,3.0,30200.0
5.0,4,8,3.0,2.0,26000.0
5.0,3,6,3.0,2.0,27800.0
0.0,2,7,3.0,2.0,27750.0
5.0,4,6,2.0,4.0,34020.0
5.0,3,7,3.0,2.0,27500.0
5.0,4,7,3.0,2.0,28990.0
6.0,2,5,3.0,2.0,18870.0
4.0,4,8,3.0,2.0,28870.0
7.0,5,10,1.0,4.0,58500.0
5.0,4,8,2.0,3.0,30500.0
8.0,2,5,3.0,2.0,18999.0
5.0,3,6,3.0,2.0,21999.0
5.0,4,9,3.0,2.0,29100.0
5.0,3,5,3.0,2.0,16400.0
5.0,6,11,1.0,4.0,63000.0
5.0,5,8,3.0,2.0,29200.0
5.0,3,5,3.0,2.0,18000.0
5.0,2,5,3.0,2.0,16050.0
5.0,2,4,0.0,0.0,14874.0
5.0,5,8,2.0,3.0,31500.0
5.0,4,9,1.0,4.0,63600.0
5.0,3,6,3.0,2.0,22500.0
5.0,4,6,3.0,2.0,23599.0
5.0,4,7,3.0,2.0,25000.0
5.0,2,5,3.0,2.0,17000.0
5.0,8,10,1.0,4.0,61320.0
8.0,3,7,3.0,2.0,26000.0
5.0,5,10,2.0,3.0,40000.0
0.0,8,12,1.0,4.0,79200.0
6.0,4,5,3.0,2.0,20500.0
5.0,6,10,2.0,3.0,45650.0
5.0,4,9,1.0,4.0,51550.0
5.0,5,11,1.0,4.0,65500.0
5.0,4,8,2.0,3.0,31549.0
6.0,4,8,3.0,2.0,27500.0
6.0,8,12,1.0,4.0,73500.0
6.0,6,10,2.0,3.0,45650.0
6.0,4,6,3.0,2.0,17200.0
6.0,5,8,3.0,2.0,28500.0
9.0,3,7,3.0,2.0,25500.0
6.0,2,5,3.0,2.0,15600.0
6.0,5,8,3.0,2.0,21500.0
6.0,4,8,2.0,3.0,31900.0
6.0,5,8,2.0,3.0,31500.0
6.0,4,7,3.0,2.0,27000.0
6.0,4,8,2.0,3.0,32900.0
5.0,7,8,3.0,2.0,28100.0
3.0,6,7,3.0,2.0,25450.0
5.0,3,4,0.0,0.0,8000.0
5.0,4,5,3.0,2.0,20900.0
4.0,2,4,0.0,0.0,3300.0
4.0,2,4,0.0,0.0,2900.0
1.0,10,6,3.0,2.0,25500.0
10.0,2,2,0.0,0.0,4800.0
10.0,2,3,0.0,0.0,8000.0
5.0,7,9,2.0,3.0,39000.0
3.0,7,10,2.0,3.0,42000.0
5.0,7,9,2.0,3.0,36950.0
5.0,5,7,3.0,2.0,20493.0
5.0,2,5,0.0,0.0,14382.0
5.0,3,7,0.0,0.0,8430.0
10.0,4,6,3.0,2.0,18017.0
1.0,4,7,0.0,0.0,6768.0
5.0,5,7,3.0,2.0,19449.0
5.0,7,9,2.0,3.0,34399.0
5.0,6,10,3.0,2.0,27919.0
5.0,8,9,2.0,3.0,32000.0
9.0,6,8,3.0,2.0,24000.0
5.0,6,8,3.0,2.0,21586.0
6.0,6,10,3.0,2.0,27919.0
6.0,6,8,3.0,2.0,24000.0
6.0,3,5,3.0,2.0,17000.0
6.0,2,4,3.0,2.0,19500.0
8.0,2,4,0.0,0.0,7500.0
6.0,2,3,0.0,0.0,9000.0
5.0,2,3,0.0,0.0,6499.0
10.0,3,4,0.0,0.0,12000.0
5.0,2,3,0.0,0.0,9000.0
10.0,4,5,0.0,0.0,13000.0
6.0,3,4,0.0,0.0,10000.0
6.0,8,11,3.0,2.0,27500.0
5.0,5,5,0.0,0.0,13000.0
5.0,2,3,0.0,0.0,6000.0
5.0,3,4,0.0,0.0,10000.0
1.0,6,7,3.0,2.0,24000.0
10.0,1,2,0.0,0.0,7000.0
5.0,3,3,0.0,0.0,6000.0
10.0,4,6,0.0,0.0,6772.0
5.0,3,4,0.0,0.0,12350.0
10.0,3,5,0.0,0.0,13099.0
5.0,3,4,0.0,0.0,12800.0
10.0,4,6,3.0,2.0,20428.0
6.0,4,7,3.0,2.0,26500.0
5.0,3,6,3.0,2.0,17165.0
6.0,5,8,3.0,2.0,24100.0
10.0,4,7,3.0,2.0,24250.0
5.0,6,9,2.0,3.0,40000.0
10.0,5,6,3.0,2.0,18473.0
5.0,5,7,3.0,2.0,24250.0
6.0,6,8,3.0,2.0,26500.0
9.0,5,8,3.0,2.0,22560.0
10.0,4,6,3.0,2.0,18017.0
8.0,4,7,0.0,0.0,6768.0
10.0,3,4,0.0,0.0,11090.0
1.0,6,7,3.0,2.0,24000.0
6.0,5,7,3.0,2.0,21977.0
10.0,9,9,2.0,3.0,31098.0
10.0,4,6,3.0,2.0,18230.0
10.0,5,7,3.0,2.0,23294.0
10.0,5,8,3.0,2.0,25468.0
10.0,7,9,3.0,2.0,28203.0
1.0,5,8,1.0,4.0,50615.0
10.0,6,9,3.0,2.0,28738.0
6.0,7,8,3.0,2.0,28100.0
10.0,4,5,3.0,2.0,17650.0
10.0,3,5,0.0,0.0,11700.0
10.0,5,7,3.0,2.0,21977.0
6.0,7,8,3.0,2.0,28100.0
10.0,1,3,0.0,0.0,6732.0
10.0,1,3,0.0,0.0,2968.0
10.0,7,9,3.0,2.0,28203.0
10.0,9,9,2.0,3.0,31098.0
2.0,4,6,0.0,0.0,6772.0
10.0,4,6,3.0,2.0,18230.0
10.0,5,7,3.0,2.0,23294.0
10.0,5,8,3.0,2.0,25468.0
10.0,5,6,3.0,2.0,18473.0
1.0,6,7,3.0,2.0,24000.0
10.0,3,4,0.0,0.0,11090.0
10.0,4,6,3.0,2.0,18017.0
10.0,6,9,3.0,2.0,28738.0
6.0,5,8,1.0,4.0,50615.0
5.0,2,3,0.0,0.0,9000.0
5.0,1,3,0.0,0.0,8800.0
6.0,3,5,3.0,2.0,17000.0
5.0,2,5,3.0,2.0,15600.0
6.0,1,3,0.0,0.0,9500.0
4.0,3,5,0.0,0.0,15000.0
5.0,4,6,0.0,0.0,15000.0
6.0,1,3,0.0,0.0,9975.0
6.0,2,4,3.0,2.0,16000.0
5.0,3,5,3.0,2.0,17500.0
5.0,2,3,0.0,0.0,8500.0
6.0,2,4,0.0,0.0,14500.0
8.0,6,7,3.0,2.0,24000.0
6.0,2,5,3.0,2.0,21000.0
5.0,4,7,3.0,2.0,24559.0
5.0,4,6,3.0,2.0,20799.0
5.0,1,4,0.0,0.0,10710.0
6.0,3,5,0.0,0.0,9999.0
6.0,4,6,3.0,2.0,22500.0
5.0,6,9,2.0,3.0,35999.0
6.0,3,5,3.0,2.0,17500.0
7.0,2,4,3.0,2.0,21000.0
6.0,4,6,3.0,2.0,19500.0
6.0,1,3,0.0,0.0,5800.0
5.0,2,3,0.0,0.0,5500.0
4.0,2,3,0.0,0.0,1800.0
5.0,3,5,0.0,0.0,5000.0
7.0,1,6,3.0,2.0,25500.0
2.0,1,3,0.0,0.0,5800.0
5.0,2,4,0.0,0.0,4850.0
7.0,2,4,3.0,2.0,18500.0
4.0,2,4,0.0,0.0,2900.0
5.0,3,7,3.0,2.0,21458.0
5.0,4,6,0.0,0.0,11500.0
6.0,2,3,0.0,0.0,9000.0
5.0,3,5,3.0,2.0,17500.0
5.0,6,8,3.0,2.0,23985.0
5.0,3,7,1.0,4.0,50204.0
6.0,1,3,0.0,0.0,15000.0
6.0,2,4,3.0,2.0,16000.0
5.0,2,3,0.0,0.0,5500.0
6.0,2,4,3.0,2.0,19500.0
1.0,2,4,0.0,0.0,14500.0
5.0,4,7,3.0,2.0,24000.0
5.0,4,5,3.0,2.0,18100.0
10.0,3,3,0.0,0.0,9500.0
5.0,3,6,3.0,2.0,19840.0
10.0,2,3,0.0,0.0,8000.0
5.0,4,5,3.0,2.0,17650.0
10.0,2,4,0.0,0.0,9500.0
8.0,3,6,3.0,2.0,29800.0
10.0,6,9,2.0,3.0,32500.0
5.0,2,2,0.0,0.0,10555.0
10.0,3,4,0.0,0.0,12500.0
10.0,7,11,2.0,3.0,40880.0
3.0,5,7,3.0,2.0,21999.0
5.0,3,7,3.0,2.0,26500.0
10.0,2,3,0.0,0.0,10000.0
5.0,4,7,3.0,2.0,26000.0
10.0,4,4,0.0,0.0,12500.0
5.0,6,7,3.0,2.0,22000.0
5.0,5,7,3.0,2.0,23000.0
5.0,3,6,3.0,2.0,25500.0
10.0,6,9,2.0,3.0,32500.0
5.0,3,4,0.0,0.0,11840.0
5.0,1,3,0.0,0.0,6100.0
5.0,2,3,0.0,0.0,7500.0
10.0,1,4,0.0,0.0,13500.0
10.0,1,3,0.0,0.0,5877.0
10.0,4,11,1.0,4.0,87898.0
10.0,5,7,3.0,2.0,23000.0
10.0,3,6,3.0,2.0,17950.0
5.0,2,4,0.0,0.0,13500.0
10.0,2,5,3.0,2.0,19500.0
10.0,3,7,3.0,2.0,24500.0
5.0,4,6,3.0,2.0,22500.0
10.0,5,7,3.0,2.0,25500.0
5.0,4,6,3.0,2.0,21500.0
10.0,7,11,1.0,4.0,79000.0
4.0,7,11,2.0,3.0,45880.0
5.0,4,6,3.0,2.0,19000.0
5.0,3,6,3.0,2.0,19000.0
5.0,5,6,3.0,2.0,17500.0
5.0,4,6,3.0,2.0,19500.0
10.0,3,7,3.0,2.0,23000.0
5.0,2,3,0.0,0.0,10999.0
10.0,3,3,0.0,0.0,10999.0
10.0,6,9,2.0,3.0,32500.0
10.0,3,4,0.0,0.0,12999.0
10.0,6,9,2.0,3.0,32500.0
5.0,3,6,2.0,4.0,38000.0
10.0,4,6,2.0,4.0,36000.0
5.0,4,7,2.0,4.0,38000.0
10.0,1,3,0.0,0.0,11500.0
5.0,2,2,0.0,0.0,9500.0
10.0,3,7,3.0,2.0,23000.0
5.0,3,4,0.0,0.0,9700.0
10.0,5,6,3.0,2.0,19999.0
10.0,3,5,0.0,0.0,11715.0
5.0,4,6,3.0,2.0,21000.0
4.0,3,5,3.0,2.0,20000.0
5.0,5,7,2.0,4.0,42600.0
5.0,3,4,0.0,0.0,9999.0
5.0,3,2,0.0,0.0,4000.0
10.0,5,6,2.0,4.0,45000.0
5.0,2,6,3.0,2.0,16450.0
5.0,6,9,2.0,3.0,34591.0
6.0,4,6,3.0,2.0,21000.0
6.0,3,5,3.0,2.0,20000.0
10.0,8,8,3.0,2.0,23340.0
10.0,6,7,3.0,2.0,20500.0
10.0,9,10,1.0,4.0,52000.0
4.0,8,7,3.0,2.0,27157.0
10.0,3,4,0.0,0.0,11900.0
5.0,3,5,0.0,0.0,11715.0
5.0,8,8,0.0,0.0,13500.0
10.0,7,5,3.0,2.0,16071.0
5.0,8,8,3.0,2.0,26000.0
4.0,4,5,2.0,4.0,35000.0
10.0,4,6,3.0,2.0,22500.0
10.0,3,5,0.0,0.0,14500.0
5.0,2,3,0.0,0.0,7000.0
10.0,6,6,2.0,4.0,38160.0
10.0,4,5,3.0,2.0,15999.0
10.0,5,7,2.0,4.0,42600.0
10.0,4,4,0.0,0.0,12000.0
5.0,4,6,3.0,2.0,20250.0
3.0,5,7,3.0,2.0,21999.0
10.0,2,5,3.0,2.0,17000.0
10.0,3,5,3.0,2.0,16000.0
10.0,9,11,1.0,4.0,61250.0
5.0,6,9,2.0,3.0,31950.0
5.0,3,4,0.0,0.0,12000.0
5.0,4,5,3.0,2.0,15500.0
5.0,7,8,3.0,2.0,22557.0
10.0,3,4,0.0,0.0,11200.0
10.0,6,11,2.0,3.0,40670.0
10.0,5,6,2.0,4.0,45000.0
10.0,7,10,3.0,2.0,19000.0
0.0,2,3,0.0,0.0,9500.0
10.0,10,11,1.0,4.0,61000.0
10.0,10,10,1.0,4.0,60140.0
10.0,5,7,0.0,0.0,15000.0
10.0,4,6,2.0,4.0,35758.0
10.0,4,4,0.0,0.0,14000.0
10.0,3,7,2.0,4.0,30608.0
10.0,6,9,2.0,3.0,34591.0
10.0,8,11,1.0,4.0,64999.0
10.0,5,6,3.0,2.0,21950.0
10.0,10,11,1.0,4.0,61000.0
10.0,6,8,3.0,2.0,22500.0
0.0,1,3,0.0,0.0,5500.0
11.0,1,2,0.0,0.0,3000.0
4.0,4,5,3.0,2.0,15999.0
5.0,4,4,0.0,0.0,10500.0
12.0,2,3,0.0,0.0,8500.0
8.0,1,2,0.0,0.0,3200.0
10.0,4,4,3.0,2.0,18000.0
5.0,4,6,3.0,2.0,21000.0
5.0,4,10,2.0,3.0,40000.0
8.0,6,5,3.0,2.0,21000.0
10.0,6,9,2.0,3.0,32500.0
5.0,9,9,3.0,2.0,29890.0
4.0,5,9,2.0,3.0,40500.0
5.0,10,8,3.0,2.0,28500.0
10.0,4,6,2.0,4.0,35758.0
10.0,4,7,3.0,2.0,17498.0
10.0,3,7,2.0,4.0,30608.0
5.0,1,4,0.0,0.0,10594.0
0.0,1,2,0.0,0.0,2500.0
5.0,3,5,0.0,0.0,15000.0
5.0,5,6,3.0,2.0,17500.0
6.0,9,9,2.0,3.0,35890.0
5.0,4,10,2.0,3.0,32000.0
5.0,7,6,3.0,2.0,22500.0
4.0,3,5,3.0,2.0,20000.0
11.0,2,2,0.0,0.0,3500.0
11.0,1,3,0.0,0.0,8500.0
6.0,2,4,3.0,2.0,15200.0
5.0,4,6,3.0,2.0,21000.0
5.0,3,5,3.0,2.0,15500.0
5.0,4,4,0.0,0.0,10500.0
5.0,8,8,3.0,2.0,25000.0
5.0,2,3,0.0,0.0,8850.0
5.0,3,2,0.0,0.0,4000.0
6.0,3,5,0.0,0.0,13500.0
6.0,7,6,3.0,2.0,21500.0
6.0,7,6,3.0,2.0,20500.0
6.0,3,5,0.0,0.0,14500.0
6.0,8,8,2.0,3.0,32000.0
7.0,6,9,2.0,3.0,31950.0
6.0,8,8,2.0,3.0,31000.0
10.0,5,6,3.0,2.0,17000.0
5.0,4,5,0.0,0.0,14500.0
5.0,1,3,0.0,0.0,5500.0
6.0,8,5,3.0,2.0,18000.0
5.0,6,4,0.0,0.0,13500.0
5.0,5,6,3.0,2.0,16450.0
4.0,5,4,0.0,0.0,9000.0
6.0,4,5,0.0,0.0,13000.0
6.0,8,7,3.0,2.0,24000.0
5.0,6,7,0.0,0.0,15000.0
11.0,2,3,0.0,0.0,4500.0
6.0,8,7,3.0,2.0,28900.0
5.0,6,4,0.0,0.0,12000.0
2.0,2,3,0.0,0.0,7450.0
4.0,7,6,3.0,2.0,20500.0
5.0,3,4,0.0,0.0,13399.0
5.0,5,8,3.0,2.0,25200.0
5.0,4,9,2.0,3.0,31000.0
5.0,2,4,0.0,0.0,14900.0
10.0,3,7,2.0,4.0,30608.0
5.0,4,6,3.0,2.0,21550.0
5.0,1,3,0.0,0.0,6999.0
8.0,4,4,0.0,0.0,10000.0
5.0,2,4,0.0,0.0,9749.0
5.0,3,6,3.0,2.0,15449.0
5.0,2,4,0.0,0.0,12500.0
5.0,2,4,0.0,0.0,10999.0
5.0,4,5,0.0,0.0,14499.0
5.0,2,6,3.0,2.0,16506.0
5.0,4,7,3.0,2.0,15865.0
3.0,5,7,3.0,2.0,24999.0
6.0,7,6,3.0,2.0,20500.0
6.0,5,4,0.0,0.0,9000.0
5.0,3,4,0.0,0.0,10550.0
6.0,8,5,3.0,2.0,18000.0
6.0,5,6,3.0,2.0,21450.0
10.0,9,10,1.0,4.0,52000.0
5.0,6,10,3.0,2.0,25500.0
5.0,2,4,0.0,0.0,13500.0
5.0,2,5,2.0,4.0,33000.0
5.0,2,5,3.0,2.0,18500.0
5.0,1,4,3.0,2.0,15750.0
5.0,4,7,3.0,2.0,28990.0
5.0,5,9,2.0,3.0,34300.0
0.0,2,7,3.0,2.0,27750.0
11.0,1,3,0.0,0.0,9550.0
6.0,4,6,3.0,2.0,21691.0
4.0,1,3,0.0,0.0,10423.0
5.0,2,4,0.0,0.0,12000.0
5.0,1,3,0.0,0.0,10500.0
5.0,4,8,2.0,3.0,37750.0
6.0,6,10,2.0,3.0,41500.0
5.0,2,4,0.0,0.0,12900.0
9.0,4,8,2.0,3.0,40650.0
0.0,3,7,2.0,4.0,31000.0
4.0,4,6,3.0,2.0,23891.0
5.0,4,8,2.0,3.0,32900.0
7.0,2,4,3.0,2.0,21373.0
5.0,8,10,1.0,4.0,61320.0
8.0,2,4,0.0,0.0,13700.0
5.0,3,5,3.0,2.0,16400.0
5.0,2,5,3.0,2.0,18800.0
5.0,4,7,3.0,2.0,24726.0
6.0,2,6,3.0,2.0,22799.0
5.0,3,5,3.0,2.0,16400.0
5.0,2,4,0.0,0.0,13600.0
5.0,4,7,3.0,2.0,28017.0
5.0,3,6,3.0,2.0,21999.0
5.0,3,6,0.0,0.0,7700.0
5.0,2,4,0.0,0.0,12300.0
5.0,1,3,0.0,0.0,7500.0
5.0,2,3,0.0,0.0,8000.0
5.0,3,4,0.0,0.0,11500.0
1.0,5,5,3.0,2.0,19430.0
1.0,7,8,2.0,3.0,32999.0
1.0,7,7,3.0,2.0,29000.0
1.0,2,3,3.0,1.0,15500.0
1.0,5,5,3.0,2.0,21000.0
2.0,7,7,3.0,2.0,28000.0
1.0,5,5,3.0,2.0,23000.0
1.0,7,4,3.0,2.0,18500.0
6.0,3,4,3.0,2.0,21360.0
1.0,7,8,2.0,3.0,33600.0
1.0,7,6,3.0,2.0,22400.0
1.0,5,5,3.0,2.0,22500.0
1.0,6,10,1.0,4.0,55000.0
0.0,3,7,1.0,4.0,75500.0
0.0,2,5,3.0,2.0,21119.0
1.0,5,6,3.0,2.0,26700.0
4.0,5,5,3.0,2.0,21000.0
1.0,5,5,3.0,2.0,20000.0
5.0,6,6,3.0,2.0,26961.0
1.0,3,5,3.0,2.0,18766.0
1.0,5,7,2.0,4.0,31714.0
1.0,7,7,2.0,4.0,31890.0
1.0,6,6,3.0,2.0,22550.0
1.0,8,9,2.0,3.0,42600.0
7.0,5,6,2.0,4.0,31000.0
1.0,5,4,3.0,2.0,15500.0
1.0,7,6,3.0,2.0,15500.0
1.0,7,8,2.0,3.0,34999.0
1.0,5,6,3.0,2.0,23000.0
1.0,7,7,3.0,2.0,26100.0
1.0,9,4,3.0,2.0,22200.0
1.0,8,9,2.0,3.0,41600.0
1.0,7,6,3.0,2.0,25000.0
6.0,5,5,3.0,2.0,19999.0
1.0,7,4,3.0,2.0,28500.0
1.0,7,7,2.0,4.0,31500.0
7.0,5,6,3.0,2.0,24450.0
7.0,5,6,2.0,4.0,36000.0
6.0,5,5,3.0,2.0,18119.0
1.0,5,6,3.0,2.0,22800.0
1.0,2,4,0.0,0.0,14000.0
1.0,7,6,2.0,4.0,32000.0
1.0,8,7,2.0,4.0,35714.0
1.0,7,7,2.0,4.0,30650.0
1.0,6,6,3.0,2.0,19500.0
6.0,3,6,3.0,2.0,17599.0
1.0,7,7,2.0,4.0,34650.0
1.0,7,8,2.0,3.0,38600.0
1.0,7,7,3.0,2.0,29500.0
1.0,7,8,2.0,3.0,38600.0
1.0,5,7,0.0,0.0,14150.0
1.0,5,7,3.0,2.0,23500.0
6.0,5,5,3.0,2.0,16300.0
1.0,5,5,0.0,0.0,12516.0
1.0,5,8,3.0,2.0,15791.0
5.0,5,7,3.0,2.0,15895.0
1.0,5,7,3.0,2.0,15206.0
6.0,5,7,3.0,2.0,15996.0
1.0,5,8,3.0,2.0,18684.0
6.0,5,8,3.0,2.0,15546.0
1.0,5,8,3.0,2.0,17752.0
1.0,5,8,3.0,2.0,18941.0
5.0,2,4,3.0,2.0,20999.0
5.0,3,5,3.0,2.0,21000.0
5.0,3,6,3.0,2.0,22000.0
5.0,3,7,3.0,2.0,15500.0
5.0,6,8,2.0,3.0,38390.0
8.0,3,4,3.0,2.0,19600.0
6.0,1,5,0.0,0.0,11000.0
5.0,2,4,0.0,0.0,9999.0
5.0,4,5,3.0,2.0,22250.0
5.0,2,6,0.0,0.0,12499.0
0.0,7,8,3.0,2.0,23900.0
4.0,7,4,3.0,2.0,19000.0
5.0,3,6,3.0,2.0,29999.0
5.0,5,6,3.0,2.0,25500.0
4.0,6,5,3.0,2.0,21499.0
6.0,6,6,0.0,0.0,12800.0
10.0,4,8,1.0,4.0,52000.0
5.0,4,4,3.0,2.0,15999.0
6.0,8,7,2.0,4.0,41000.0
9.0,6,6,2.0,4.0,32000.0
5.0,9,9,2.0,3.0,45500.0
5.0,6,10,1.0,4.0,58000.0
9.0,9,7,2.0,4.0,35498.0
8.0,5,5,3.0,2.0,21850.0
5.0,6,7,2.0,4.0,41549.0
6.0,6,7,2.0,4.0,30498.0
8.0,7,8,2.0,3.0,40390.0
11.0,4,6,3.0,2.0,30000.0
6.0,6,8,2.0,3.0,39999.0
6.0,3,6,3.0,2.0,18999.0
5.0,6,8,2.0,3.0,34000.0
6.0,3,6,3.0,2.0,26100.0
5.0,5,7,2.0,4.0,35498.0
5.0,3,5,3.0,2.0,20800.0
5.0,7,9,1.0,4.0,74870.0
6.0,8,7,3.0,2.0,30000.0
5.0,4,6,3.0,2.0,27100.0
6.0,5,4,3.0,2.0,15500.0
6.0,5,5,1.0,4.0,58800.0
7.0,5,8,1.0,4.0,51500.0
10.0,4,7,3.0,2.0,24999.0
10.0,4,8,2.0,3.0,35200.0
6.0,4,5,3.0,2.0,20500.0
10.0,6,11,2.0,3.0,46999.0
8.0,5,7,2.0,4.0,31999.0
5.0,5,9,2.0,3.0,42700.0
5.0,5,7,2.0,4.0,32034.0
6.0,6,6,0.0,0.0,12800.0
5.0,4,5,3.0,2.0,22250.0
5.0,3,5,3.0,2.0,20800.0
5.0,4,6,3.0,2.0,23800.0
6.0,1,3,1.0,4.0,70900.0
8.0,5,5,3.0,2.0,21850.0
5.0,7,7,2.0,4.0,45498.0
5.0,6,8,2.0,3.0,36230.0
5.0,5,9,2.0,3.0,40999.0
5.0,5,8,2.0,3.0,44000.0
4.0,6,6,3.0,2.0,28500.0
5.0,5,5,3.0,2.0,20169.0
4.0,6,5,3.0,2.0,21100.0
5.0,9,9,2.0,3.0,45500.0
6.0,8,7,2.0,4.0,41000.0
5.0,9,7,2.0,4.0,31000.0
5.0,6,5,3.0,2.0,21499.0
5.0,3,6,3.0,2.0,25100.0
5.0,5,6,3.0,2.0,25500.0
5.0,5,6,3.0,2.0,26000.0
5.0,4,6,3.0,2.0,26000.0
6.0,4,6,1.0,4.0,55100.0
5.0,6,7,2.0,4.0,34950.0
10.0,5,8,3.0,2.0,28999.0
5.0,5,9,3.0,2.0,29343.0
5.0,8,10,2.0,3.0,48500.0
7.0,4,8,1.0,4.0,83000.0
5.0,3,4,3.0,2.0,16000.0
7.0,5,5,2.0,4.0,32699.0
9.0,4,6,3.0,2.0,28000.0
0.0,8,9,2.0,3.0,45390.0
5.0,7,9,1.0,4.0,59000.0
10.0,4,5,2.0,4.0,38000.0
5.0,5,9,2.0,3.0,42700.0
10.0,4,7,2.0,4.0,33150.0
5.0,7,4,3.0,2.0,19000.0
5.0,6,8,2.0,3.0,34000.0
4.0,6,5,3.0,2.0,21100.0
4.0,6,6,3.0,2.0,28500.0
6.0,6,6,0.0,0.0,12800.0
5.0,7,7,2.0,4.0,45498.0
8.0,5,5,3.0,2.0,21850.0
2.0,4,5,3.0,2.0,21490.0
5.0,9,7,2.0,4.0,31000.0
4.0,5,7,3.0,2.0,30000.0
5.0,7,8,2.0,3.0,40000.0
5.0,7,7,2.0,4.0,46500.0
0.0,5,6,3.0,2.0,28500.0
4.0,8,8,2.0,3.0,37380.0
5.0,5,7,2.0,4.0,32000.0
10.0,2,3,3.0,1.0,26692.0
5.0,4,5,3.0,2.0,25000.0
0.0,7,8,2.0,3.0,38000.0
5.0,6,6,3.0,2.0,21250.0
5.0,9,9,2.0,3.0,45999.0
0.0,8,8,2.0,3.0,45100.0
5.0,1,5,3.0,2.0,20000.0
5.0,7,7,2.0,4.0,31000.0
5.0,5,8,2.0,3.0,48870.0
5.0,3,6,3.0,2.0,25999.0
5.0,3,6,3.0,2.0,25200.0
0.0,6,6,3.0,2.0,26999.0
5.0,1,5,3.0,2.0,20999.0
5.0,9,9,2.0,3.0,42499.0
8.0,6,7,2.0,4.0,30340.0
5.0,7,7,2.0,4.0,39000.0
5.0,8,8,1.0,4.0,54100.0
5.0,8,8,2.0,3.0,40400.0
0.0,10,10,2.0,3.0,49250.0
5.0,5,7,2.0,4.0,31000.0
5.0,6,9,2.0,3.0,30102.0
5.0,5,8,3.0,2.0,26744.0
5.0,4,7,3.0,2.0,29000.0
5.0,6,12,1.0,4.0,61000.0
4.0,4,5,3.0,2.0,27000.0
6.0,10,10,3.0,2.0,25250.0
6.0,3,6,3.0,2.0,25999.0
6.0,7,9,1.0,4.0,70870.0
6.0,7,7,3.0,2.0,29999.0
6.0,9,9,2.0,3.0,38499.0
6.0,5,7,3.0,2.0,29000.0
6.0,7,9,2.0,3.0,38870.0
5.0,5,7,2.0,4.0,34000.0
6.0,6,7,3.0,2.0,26000.0
6.0,3,6,3.0,2.0,21412.0
6.0,1,5,3.0,2.0,15999.0
6.0,5,7,3.0,2.0,20999.0
5.0,5,7,3.0,2.0,26000.0
5.0,5,6,3.0,2.0,20000.0
5.0,5,7,3.0,2.0,19000.0
5.0,6,8,2.0,3.0,40999.0
8.0,6,7,2.0,4.0,30340.0
5.0,10,8,2.0,3.0,34000.0
6.0,6,7,3.0,2.0,30000.0
5.0,10,10,1.0,4.0,78040.0
5.0,6,7,1.0,4.0,60000.0
7.0,6,8,2.0,3.0,36100.0
5.0,9,10,1.0,4.0,80000.0
6.0,5,6,3.0,2.0,24499.0
5.0,6,7,2.0,4.0,40000.0
5.0,2,6,3.0,2.0,22650.0
5.0,6,7,3.0,2.0,29499.0
2.0,1,6,3.0,2.0,29799.0
4.0,4,6,3.0,2.0,23900.0
7.0,3,6,2.0,4.0,38500.0
5.0,5,7,3.0,2.0,29000.0
5.0,7,8,1.0,4.0,50999.0
5.0,8,11,1.0,4.0,88700.0
0.0,7,11,1.0,4.0,60500.0
5.0,6,6,3.0,2.0,26999.0
0.0,7,7,2.0,4.0,32500.0
0.0,9,12,1.0,4.0,82000.0
5.0,1,4,0.0,0.0,15000.0
10.0,3,5,3.0,2.0,17600.0
10.0,4,3,0.0,0.0,9000.0
10.0,5,7,3.0,2.0,23899.0
5.0,4,7,3.0,2.0,26000.0
10.0,5,7,2.0,4.0,32000.0
5.0,2,5,3.0,2.0,18000.0
10.0,5,8,3.0,2.0,29900.0
10.0,5,8,3.0,2.0,29500.0
10.0,4,6,3.0,2.0,23999.0
10.0,5,9,2.0,3.0,39200.0
10.0,3,3,0.0,0.0,10500.0
9.0,4,6,3.0,2.0,28000.0
10.0,1,3,3.0,1.0,16500.0
10.0,4,2,3.0,1.0,15200.0
10.0,3,4,0.0,0.0,10499.0
6.0,6,7,3.0,2.0,18000.0
5.0,2,5,0.0,0.0,12000.0
5.0,2,3,0.0,0.0,8000.0
5.0,1,3,0.0,0.0,7500.0
6.0,2,8,3.0,2.0,24000.0
5.0,4,7,3.0,2.0,26000.0
5.0,3,8,2.0,3.0,30999.0
10.0,5,8,2.0,3.0,37090.0
6.0,4,8,3.0,2.0,28200.0
6.0,4,7,3.0,2.0,26150.0
6.0,4,6,3.0,2.0,24499.0
5.0,2,3,0.0,0.0,7999.0
2.0,1,4,0.0,0.0,7250.0
10.0,1,3,0.0,0.0,10000.0
5.0,4,7,3.0,2.0,26000.0
5.0,2,5,3.0,2.0,18000.0
5.0,2,5,3.0,2.0,18000.0
5.0,1,3,0.0,0.0,7000.0
6.0,5,5,3.0,2.0,16169.0
6.0,5,5,3.0,2.0,16169.0
5.0,10,10,1.0,4.0,78040.0
5.0,8,11,1.0,4.0,88700.0
6.0,4,8,2.0,3.0,39500.0
6.0,4,8,2.0,3.0,37500.0
7.0,4,8,2.0,3.0,37500.0
6.0,3,8,2.0,3.0,37500.0
5.0,7,10,2.0,3.0,40500.0
5.0,7,10,2.0,3.0,42000.0
5.0,3,5,3.0,2.0,22000.0
8.0,8,7,3.0,2.0,26999.0
9.0,7,7,3.0,2.0,29000.0
5.0,7,12,1.0,4.0,58000.0
4.0,7,7,3.0,2.0,29000.0
5.0,5,6,3.0,2.0,23000.0
5.0,6,8,2.0,3.0,32500.0
5.0,8,9,2.0,3.0,42120.0
4.0,7,9,3.0,2.0,25999.0
5.0,4,8,3.0,2.0,20000.0
5.0,6,9,2.0,3.0,32000.0
3.0,2,5,3.0,2.0,24633.0
5.0,1,3,0.0,0.0,6500.0
5.0,4,6,2.0,4.0,32856.0
5.0,4,6,0.0,0.0,10520.0
8.0,3,3,0.0,0.0,7530.0
5.0,2,5,0.0,0.0,14586.0
5.0,3,6,2.0,4.0,32581.0
9.0,7,11,2.0,3.0,46979.0
5.0,3,4,0.0,0.0,13900.0
10.0,4,7,3.0,2.0,24348.0
5.0,4,5,3.0,2.0,22050.0
8.0,5,5,3.0,2.0,19872.0
5.0,4,6,3.0,2.0,16997.0
10.0,6,6,0.0,0.0,8673.0
5.0,4,5,3.0,2.0,16486.0
5.0,3,5,0.0,0.0,6700.0
5.0,3,6,3.0,2.0,26940.0
5.0,5,8,3.0,2.0,29508.0
10.0,6,7,0.0,0.0,10800.0
5.0,6,6,0.0,0.0,13849.0
5.0,4,7,3.0,2.0,27965.0
5.0,5,8,3.0,2.0,22080.0
5.0,7,7,3.0,2.0,23000.0
5.0,3,5,3.0,2.0,16300.0
5.0,4,6,3.0,2.0,24800.0
6.0,3,6,3.0,2.0,27500.0
5.0,2,7,2.0,4.0,31500.0
5.0,4,6,0.0,0.0,13099.0
0.0,1,3,0.0,0.0,11590.0
5.0,4,8,2.0,3.0,36750.0
5.0,4,8,2.0,3.0,36500.0
6.0,2,5,3.0,2.0,20199.0
0.0,3,4,3.0,2.0,15999.0
5.0,4,6,3.0,2.0,25700.0
11.0,3,3,0.0,0.0,11500.0
0.0,3,4,0.0,0.0,14250.0
6.0,4,5,3.0,2.0,20500.0
5.0,7,8,2.0,3.0,33500.0
5.0,2,3,0.0,0.0,12099.0
5.0,5,8,2.0,3.0,34500.0
4.0,1,4,3.0,2.0,15300.0
5.0,7,10,1.0,4.0,51999.0
8.0,3,3,0.0,0.0,9999.0
5.0,5,5,3.0,2.0,23000.0
5.0,1,3,0.0,0.0,11000.0
5.0,3,3,0.0,0.0,10800.0
0.0,6,11,1.0,4.0,56850.0
6.0,5,4,0.0,0.0,14500.0
5.0,6,10,2.0,3.0,48000.0
5.0,2,5,3.0,2.0,15999.0
5.0,5,9,3.0,2.0,18500.0
5.0,4,6,3.0,2.0,24500.0
6.0,2,6,0.0,0.0,10500.0
5.0,3,6,0.0,0.0,12999.0
5.0,1,4,0.0,0.0,6999.0
5.0,1,4,0.0,0.0,11000.0
5.0,3,5,3.0,2.0,16649.0
5.0,4,6,0.0,0.0,13799.0
4.0,5,9,2.0,3.0,35999.0
6.0,5,8,2.0,3.0,34000.0
10.0,9,8,2.0,3.0,38750.0
5.0,5,9,3.0,2.0,22999.0
5.0,3,5,0.0,0.0,5000.0
8.0,3,5,0.0,0.0,12200.0
5.0,5,8,0.0,0.0,9166.0
5.0,1,3,0.0,0.0,7168.0
5.0,4,8,0.0,0.0,9960.0
5.0,3,7,1.0,4.0,68050.0
5.0,1,4,0.0,0.0,10605.0
5.0,3,6,3.0,2.0,21476.0
5.0,1,4,0.0,0.0,9888.0
5.0,4,6,0.0,0.0,6560.0
3.0,5,8,3.0,2.0,22992.0
8.0,1,5,0.0,0.0,14140.0
5.0,4,8,3.0,2.0,24299.0
8.0,6,8,3.0,2.0,23985.0
5.0,4,7,1.0,4.0,84120.0
2.0,4,8,0.0,0.0,8470.0
5.0,5,7,3.0,2.0,20670.0
5.0,5,8,0.0,0.0,10980.0
5.0,5,8,3.0,2.0,24901.0
9.0,4,5,3.0,2.0,17348.0
5.0,6,8,0.0,0.0,10264.0
5.0,4,7,3.0,2.0,21296.0
10.0,4,7,3.0,2.0,22459.0
5.0,7,10,2.0,3.0,35523.0
10.0,10,10,0.0,0.0,13985.0
5.0,7,8,2.0,3.0,30570.0
5.0,3,7,3.0,2.0,21556.0
8.0,4,6,3.0,2.0,21999.0
4.0,4,5,0.0,0.0,15000.0
6.0,4,5,0.0,0.0,15000.0
2.0,4,7,3.0,2.0,28500.0
5.0,3,6,3.0,2.0,23200.0
10.0,5,7,3.0,2.0,23294.0
6.0,3,4,0.0,0.0,15000.0
5.0,3,5,3.0,2.0,15782.0
5.0,4,4,0.0,0.0,14340.0
1.0,3,6,3.0,2.0,21300.0
5.0,2,4,0.0,0.0,13500.0
8.0,4,5,3.0,2.0,21000.0
5.0,3,4,0.0,0.0,14700.0
5.0,4,7,3.0,2.0,26700.0
5.0,5,7,3.0,2.0,24900.0
6.0,4,5,0.0,0.0,15000.0
5.0,4,5,2.0,4.0,31600.0
5.0,4,5,0.0,0.0,14999.0
5.0,6,6,0.0,0.0,9999.0
6.0,4,5,3.0,2.0,15500.0
5.0,6,7,3.0,2.0,25450.0
0.0,4,4,3.0,2.0,29000.0
5.0,2,4,0.0,0.0,14250.0
5.0,4,7,3.0,2.0,25000.0
5.0,3,6,3.0,2.0,28000.0
5.0,3,5,3.0,2.0,20250.0
0.0,5,5,3.0,2.0,19090.0
9.0,7,7,3.0,2.0,29000.0
5.0,5,5,0.0,0.0,14150.0
5.0,1,4,0.0,0.0,13250.0
5.0,3,5,3.0,2.0,15200.0
6.0,3,6,3.0,2.0,21500.0
5.0,3,5,3.0,2.0,19500.0
11.0,3,4,0.0,0.0,13000.0
5.0,6,7,3.0,2.0,24000.0
5.0,3,6,3.0,2.0,22000.0
4.0,2,4,0.0,0.0,8999.0
2.0,5,7,0.0,0.0,8407.0
5.0,6,8,3.0,2.0,23453.0
5.0,3,5,3.0,2.0,28948.0
9.0,3,5,0.0,0.0,14188.0
5.0,10,12,2.0,3.0,38562.0
5.0,4,10,3.0,2.0,25000.0
9.0,2,5,0.0,0.0,13528.0
5.0,5,10,2.0,3.0,31740.0
5.0,4,7,0.0,0.0,8544.0
5.0,3,5,0.0,0.0,13711.0
5.0,2,5,2.0,4.0,37799.0
5.0,5,9,3.0,2.0,28116.0
5.0,1,4,0.0,0.0,9975.0
2.0,1,3,0.0,0.0,2320.0
5.0,5,8,3.0,2.0,24631.0
5.0,6,8,3.0,2.0,24355.0
2.0,3,5,0.0,0.0,5140.0
5.0,5,6,3.0,2.0,17042.0
5.0,5,10,2.0,3.0,31573.0
5.0,5,9,3.0,2.0,18500.0
5.0,5,11,3.0,2.0,25000.0
5.0,4,8,3.0,2.0,21000.0
5.0,4,8,3.0,2.0,22250.0
5.0,3,6,3.0,2.0,18999.0
2.0,3,7,3.0,2.0,15500.0
5.0,3,6,3.0,2.0,20500.0
5.0,3,7,3.0,2.0,16000.0
5.0,3,6,3.0,2.0,15499.0
5.0,3,7,0.0,0.0,12500.0
5.0,3,6,3.0,2.0,20500.0
4.0,4,7,3.0,2.0,27430.0
5.0,4,9,2.0,3.0,45560.0
9.0,3,7,2.0,4.0,41600.0
5.0,4,4,0.0,0.0,12000.0
0.0,3,5,3.0,2.0,27800.0
5.0,1,4,0.0,0.0,13250.0
5.0,1,5,3.0,2.0,16999.0
5.0,1,4,0.0,0.0,13500.0
10.0,3,2,0.0,0.0,9000.0
5.0,4,8,3.0,2.0,30000.0
5.0,3,6,3.0,2.0,22400.0
5.0,3,6,3.0,2.0,21600.0
5.0,4,4,0.0,0.0,10800.0
5.0,6,8,2.0,3.0,31870.0
6.0,3,5,3.0,2.0,19000.0
5.0,5,8,2.0,3.0,31500.0
6.0,4,8,3.0,2.0,29400.0
5.0,3,8,2.0,3.0,35750.0
5.0,4,7,3.0,2.0,29750.0
5.0,6,5,3.0,2.0,21000.0
11.0,1,4,0.0,0.0,14700.0
8.0,5,6,3.0,2.0,25000.0
0.0,4,8,3.0,2.0,28700.0
5.0,2,4,0.0,0.0,12300.0
5.0,4,5,3.0,2.0,18950.0
5.0,3,6,3.0,2.0,22200.0
9.0,6,10,2.0,3.0,45650.0
5.0,2,5,3.0,2.0,25800.0
5.0,6,10,1.0,4.0,79500.0
5.0,8,10,1.0,4.0,61320.0
5.0,2,4,0.0,0.0,13600.0
5.0,3,6,3.0,2.0,19999.0
5.0,3,7,3.0,2.0,23940.0
8.0,3,4,0.0,0.0,12050.0
5.0,4,3,0.0,0.0,12000.0
5.0,3,6,3.0,2.0,17950.0
5.0,3,5,3.0,2.0,20000.0
0.0,6,4,3.0,2.0,17900.0
9.0,4,5,3.0,2.0,24000.0
5.0,3,7,2.0,4.0,48000.0
5.0,2,5,3.0,2.0,20500.0
5.0,3,7,3.0,2.0,28000.0
5.0,4,7,3.0,2.0,26780.0
5.0,3,6,3.0,2.0,22460.0
6.0,3,5,0.0,0.0,13400.0
6.0,2,4,0.0,0.0,14600.0
10.0,3,4,0.0,0.0,12000.0
5.0,7,8,3.0,2.0,28100.0
10.0,4,5,3.0,2.0,17650.0
10.0,3,3,0.0,0.0,6000.0
5.0,9,12,2.0,3.0,43500.0
10.0,5,7,3.0,2.0,23294.0
10.0,9,9,2.0,3.0,31098.0
10.0,5,7,3.0,2.0,21977.0
1.0,6,7,3.0,2.0,24000.0
5.0,5,7,3.0,2.0,20493.0
5.0,4,6,3.0,2.0,17704.0
5.0,7,10,2.0,3.0,35523.0
10.0,5,6,3.0,2.0,18473.0
5.0,3,7,3.0,2.0,21458.0
5.0,6,8,3.0,2.0,23985.0
5.0,3,7,3.0,2.0,21556.0
2.0,4,8,0.0,0.0,9960.0
5.0,3,6,3.0,2.0,21476.0
5.0,5,7,3.0,2.0,20670.0
1.0,5,8,1.0,4.0,50615.0
10.0,4,6,0.0,0.0,6772.0
10.0,4,6,3.0,2.0,18230.0
10.0,5,8,3.0,2.0,25468.0
10.0,7,9,3.0,2.0,28203.0
10.0,1,3,0.0,0.0,6732.0
9.0,6,9,3.0,2.0,28738.0
5.0,2,5,0.0,0.0,14382.0
5.0,3,7,0.0,0.0,8430.0
5.0,1,4,0.0,0.0,10710.0
5.0,2,5,2.0,4.0,36952.0
10.0,4,6,3.0,2.0,18017.0
6.0,4,7,0.0,0.0,6768.0
10.0,3,4,0.0,0.0,11090.0
5.0,1,4,0.0,0.0,4300.0
5.0,4,6,3.0,2.0,24325.0
5.0,6,10,2.0,3.0,32700.0
5.0,3,4,0.0,0.0,9914.0
5.0,4,5,3.0,2.0,15500.0
10.0,3,6,0.0,0.0,14000.0
9.0,1,5,0.0,0.0,13250.0
6.0,3,4,0.0,0.0,12500.0
5.0,5,6,0.0,0.0,7500.0
4.0,1,3,0.0,0.0,5500.0
10.0,4,7,3.0,2.0,17498.0
5.0,2,3,0.0,0.0,9999.0
5.0,9,9,3.0,2.0,29890.0
6.0,8,7,3.0,2.0,28900.0
5.0,3,6,0.0,0.0,12999.0
10.0,7,10,2.0,3.0,34555.0
10.0,6,11,3.0,2.0,17500.0
8.0,5,5,0.0,0.0,13500.0
10.0,9,12,1.0,4.0,72000.0
10.0,5,6,2.0,4.0,45000.0
5.0,4,3,0.0,0.0,12500.0
10.0,2,2,0.0,0.0,10500.0
0.0,1,2,0.0,0.0,3000.0
5.0,2,3,0.0,0.0,11000.0
4.0,3,7,3.0,2.0,15500.0
0.0,4,4,0.0,0.0,11700.0
10.0,3,6,3.0,2.0,20000.0
5.0,3,5,3.0,2.0,20000.0
0.0,2,4,0.0,0.0,12500.0
5.0,2,6,0.0,0.0,8500.0
5.0,4,7,3.0,2.0,15865.0
10.0,4,5,0.0,0.0,15000.0
5.0,1,3,0.0,0.0,8600.0
10.0,3,5,3.0,2.0,18000.0
5.0,4,4,0.0,0.0,8000.0
5.0,3,7,3.0,2.0,27500.0
11.0,3,4,3.0,2.0,18700.0
5.0,1,4,3.0,2.0,18500.0
5.0,1,3,3.0,1.0,15725.0
5.0,2,5,3.0,2.0,21500.0
5.0,2,4,0.0,0.0,12900.0
11.0,1,4,3.0,2.0,23000.0
5.0,5,6,3.0,2.0,25500.0
0.0,8,7,3.0,2.0,28000.0
5.0,3,8,2.0,3.0,30999.0
6.0,4,7,2.0,4.0,35700.0
10.0,3,3,3.0,1.0,15900.0
10.0,4,7,3.0,2.0,24999.0
10.0,5,9,2.0,3.0,39200.0
10.0,1,4,2.0,4.0,36430.0
5.0,2,5,0.0,0.0,13000.0
5.0,2,4,0.0,0.0,11000.0
6.0,2,5,0.0,0.0,13000.0
6.0,4,6,2.0,4.0,42000.0
5.0,2,5,0.0,0.0,10000.0
5.0,1,5,0.0,0.0,10500.0
5.0,4,7,1.0,4.0,73000.0
5.0,4,7,3.0,2.0,19499.0
7.0,3,6,2.0,4.0,35099.0
6.0,2,4,0.0,0.0,12100.0
6.0,7,12,1.0,4.0,99000.0
6.0,6,10,1.0,4.0,87000.0
5.0,6,10,1.0,4.0,52000.0
6.0,3,6,3.0,2.0,29800.0
6.0,3,6,3.0,2.0,20000.0
6.0,4,8,2.0,3.0,34999.0
5.0,6,9,2.0,3.0,45000.0
5.0,3,6,0.0,0.0,12900.0
5.0,2,4,0.0,0.0,12100.0
5.0,2,5,3.0,2.0,15100.0
5.0,2,3,0.0,0.0,7500.0
5.0,2,3,0.0,0.0,6500.0
5.0,3,4,0.0,0.0,10000.0
8.0,1,5,3.0,2.0,17700.0
5.0,3,6,3.0,2.0,19840.0
5.0,10,12,1.0,4.0,69972.0
5.0,2,2,0.0,0.0,4299.0
5.0,4,8,3.0,2.0,21000.0
5.0,2,5,0.0,0.0,7000.0
5.0,2,4,0.0,0.0,8500.0
5.0,3,7,3.0,2.0,17000.0
5.0,1,3,0.0,0.0,7000.0
9.0,3,7,0.0,0.0,13500.0
5.0,3,8,3.0,2.0,28750.0
5.0,2,5,0.0,0.0,10500.0
5.0,8,12,1.0,4.0,82000.0
5.0,3,6,3.0,2.0,16500.0
4.0,2,5,0.0,0.0,15000.0
6.0,2,5,3.0,2.0,19000.0
7.0,2,5,2.0,4.0,44000.0
6.0,3,7,3.0,2.0,29311.0
5.0,3,6,3.0,2.0,22900.0
6.0,4,8,2.0,3.0,32250.0
6.0,2,5,3.0,2.0,16000.0
6.0,4,6,3.0,2.0,23560.0
6.0,3,5,3.0,2.0,18050.0
3.0,6,9,1.0,4.0,58250.0
5.0,5,9,2.0,3.0,32890.0
4.0,1,4,0.0,0.0,14800.0
3.0,1,3,3.0,1.0,25000.0
6.0,1,4,3.0,2.0,16300.0
6.0,1,3,0.0,0.0,7000.0
11.0,2,4,3.0,2.0,23000.0
7.0,4,6,2.0,4.0,34020.0
6.0,4,6,3.0,2.0,20100.0
6.0,2,7,0.0,0.0,14750.0
6.0,5,8,3.0,2.0,22999.0
6.0,1,4,0.0,0.0,14750.0
6.0,2,6,3.0,2.0,23799.0
6.0,5,8,3.0,2.0,29999.0
6.0,2,5,3.0,2.0,17800.0
2.0,1,3,0.0,0.0,6550.0
9.0,4,8,3.0,2.0,29750.0
6.0,2,4,0.0,0.0,11200.0
5.0,2,5,3.0,2.0,20000.0
5.0,7,12,1.0,4.0,65400.0
10.0,3,6,0.0,0.0,14000.0
10.0,2,6,3.0,2.0,23313.0
10.0,1,4,0.0,0.0,14745.0
10.0,4,8,2.0,3.0,31429.0
10.0,3,5,3.0,2.0,25079.0
10.0,2,4,3.0,2.0,22970.0
9.0,2,4,0.0,0.0,11000.0
10.0,3,5,3.0,2.0,18000.0
10.0,5,9,1.0,4.0,58812.0
10.0,2,5,3.0,2.0,20374.0
10.0,3,6,3.0,2.0,24972.0
10.0,6,11,2.0,3.0,39636.0
10.0,5,7,3.0,2.0,19999.0
10.0,5,7,1.0,4.0,51473.0
10.0,1,3,0.0,0.0,9830.0
10.0,2,5,0.0,0.0,7696.0
2.0,4,8,3.0,2.0,16773.0
10.0,1,3,0.0,0.0,9569.0
10.0,1,3,0.0,0.0,4100.0
10.0,3,8,1.0,4.0,52000.0
5.0,5,7,3.0,2.0,28500.0
5.0,4,4,0.0,0.0,15000.0
5.0,2,4,0.0,0.0,7500.0
6.0,4,7,3.0,2.0,20000.0
5.0,2,6,0.0,0.0,11999.0
5.0,3,6,3.0,2.0,30000.0
5.0,4,9,0.0,0.0,15000.0
5.0,4,9,3.0,2.0,26000.0
5.0,1,5,0.0,0.0,9999.0
5.0,3,7,3.0,2.0,17500.0
5.0,3,8,3.0,2.0,21300.0
10.0,3,8,0.0,0.0,15000.0
5.0,1,4,0.0,0.0,7500.0
6.0,3,6,3.0,2.0,23499.0
6.0,5,9,2.0,3.0,41000.0
6.0,4,7,0.0,0.0,13299.0
6.0,3,5,0.0,0.0,10999.0
6.0,3,3,0.0,0.0,7500.0
6.0,4,4,0.0,0.0,5000.0
6.0,6,5,3.0,2.0,17500.0
4.0,3,6,3.0,2.0,21333.0
5.0,2,6,3.0,2.0,25000.0
6.0,3,6,3.0,2.0,21333.0
6.0,5,7,3.0,2.0,27999.0
6.0,3,6,3.0,2.0,23999.0
6.0,4,6,3.0,2.0,20500.0
6.0,7,5,0.0,0.0,13500.0
6.0,6,7,3.0,2.0,23999.0
4.0,3,5,3.0,2.0,18999.0
5.0,6,11,2.0,3.0,42500.0
7.0,1,4,1.0,4.0,90000.0
5.0,7,5,0.0,0.0,14099.0
4.0,7,5,3.0,2.0,17999.0
6.0,5,9,3.0,2.0,20500.0
4.0,4,9,2.0,3.0,42500.0
6.0,5,9,3.0,2.0,20500.0
6.0,4,5,0.0,0.0,12500.0
6.0,6,4,0.0,0.0,12000.0
6.0,2,4,0.0,0.0,14900.0
2.0,1,3,0.0,0.0,4500.0
5.0,7,9,3.0,2.0,26500.0
5.0,1,4,0.0,0.0,9999.0
5.0,6,6,0.0,0.0,12800.0
5.0,1,4,3.0,2.0,20999.0
4.0,6,5,3.0,2.0,21499.0
9.0,6,9,2.0,3.0,44900.0
5.0,3,6,0.0,0.0,13000.0
5.0,4,7,1.0,4.0,73000.0
0.0,4,5,3.0,2.0,21000.0
9.0,9,6,2.0,4.0,41000.0
5.0,4,5,3.0,2.0,22250.0
5.0,6,6,3.0,2.0,23500.0
8.0,5,5,3.0,2.0,21850.0
5.0,4,6,3.0,2.0,26000.0
6.0,4,6,2.0,4.0,39000.0
5.0,4,6,3.0,2.0,23800.0
5.0,6,7,2.0,4.0,34900.0
11.0,2,3,0.0,0.0,12000.0
5.0,4,6,2.0,4.0,39000.0
5.0,2,4,3.0,2.0,18500.0
7.0,3,5,2.0,4.0,35997.0
5.0,7,7,2.0,4.0,42900.0
6.0,6,5,3.0,2.0,19999.0
9.0,9,7,2.0,4.0,35498.0
5.0,5,6,3.0,2.0,25000.0
6.0,5,7,2.0,4.0,30034.0
6.0,5,6,3.0,2.0,24500.0
6.0,4,5,2.0,4.0,33100.0
5.0,7,7,2.0,4.0,45498.0
10.0,5,8,3.0,2.0,29500.0
5.0,6,9,2.0,3.0,35000.0
5.0,1,4,3.0,2.0,20100.0
8.0,7,8,2.0,3.0,41000.0
0.0,3,6,3.0,2.0,24500.0
5.0,4,6,3.0,2.0,26000.0
5.0,4,5,3.0,2.0,21000.0
5.0,3,5,3.0,2.0,24000.0
0.0,9,12,1.0,4.0,71000.0
9.0,8,6,2.0,4.0,32000.0
5.0,3,6,0.0,0.0,12800.0
6.0,2,5,0.0,0.0,13000.0
5.0,2,4,0.0,0.0,11000.0
5.0,4,5,0.0,0.0,13000.0
10.0,5,8,3.0,2.0,28999.0
5.0,4,5,3.0,2.0,21000.0
5.0,7,7,2.0,4.0,45498.0
5.0,3,7,3.0,2.0,21999.0
6.0,4,8,2.0,3.0,31000.0
6.0,2,5,0.0,0.0,13800.0
6.0,5,8,3.0,2.0,28900.0
6.0,3,5,3.0,2.0,15850.0
6.0,3,7,3.0,2.0,28999.0
8.0,3,8,3.0,2.0,25000.0
6.0,4,5,3.0,2.0,16499.0
5.0,2,5,3.0,2.0,15800.0
8.0,3,8,2.0,3.0,32900.0
6.0,3,7,3.0,2.0,28999.0
5.0,5,8,2.0,3.0,31000.0
4.0,5,8,3.0,2.0,27800.0
4.0,3,8,3.0,2.0,27000.0
6.0,5,7,2.0,4.0,30498.0
6.0,4,5,3.0,2.0,19490.0
6.0,4,5,3.0,2.0,18500.0
5.0,3,5,3.0,2.0,17500.0
5.0,4,4,0.0,0.0,14000.0
5.0,2,4,0.0,0.0,12500.0
5.0,4,5,3.0,2.0,16490.0
5.0,6,8,3.0,2.0,30000.0
0.0,5,6,3.0,2.0,28500.0
6.0,9,9,2.0,3.0,45500.0
6.0,4,6,3.0,2.0,23100.0
6.0,5,6,3.0,2.0,23800.0
6.0,2,3,0.0,0.0,12000.0
5.0,5,7,2.0,4.0,35900.0
5.0,6,11,2.0,3.0,50000.0
0.0,10,12,1.0,4.0,69972.0
8.0,5,8,2.0,3.0,34500.0
5.0,2,7,2.0,4.0,31500.0
5.0,5,7,3.0,2.0,26500.0
6.0,4,8,2.0,3.0,36500.0
5.0,3,7,3.0,2.0,17499.0
2.0,2,6,3.0,2.0,25624.0
6.0,2,4,0.0,0.0,9000.0
8.0,3,7,0.0,0.0,11500.0
6.0,2,5,0.0,0.0,14600.0
5.0,2,6,3.0,2.0,15999.0
5.0,3,7,3.0,2.0,20000.0
5.0,2,6,0.0,0.0,15000.0
6.0,2,4,0.0,0.0,10625.0
6.0,1,5,0.0,0.0,5199.0
6.0,3,4,0.0,0.0,6000.0
4.0,3,4,0.0,0.0,14999.0
6.0,3,4,0.0,0.0,11999.0
6.0,2,3,0.0,0.0,10625.0
6.0,5,5,3.0,2.0,19299.0
5.0,2,5,0.0,0.0,11300.0
6.0,3,3,0.0,0.0,7199.0
5.0,2,6,0.0,0.0,9000.0
6.0,3,3,0.0,0.0,9999.0
7.0,3,3,3.0,1.0,22800.0
6.0,3,4,0.0,0.0,13999.0
5.0,1,5,3.0,2.0,15500.0
2.0,4,7,3.0,2.0,28500.0
5.0,6,8,3.0,2.0,29200.0
5.0,2,4,0.0,0.0,14500.0
6.0,1,3,3.0,1.0,19500.0
6.0,4,6,3.0,2.0,17500.0
4.0,4,5,0.0,0.0,15000.0
4.0,5,8,2.0,3.0,31500.0
5.0,5,7,3.0,2.0,27500.0
6.0,4,5,3.0,2.0,16550.0
6.0,5,7,3.0,2.0,28999.0
6.0,6,8,2.0,3.0,31250.0
6.0,4,5,3.0,2.0,20000.0
6.0,3,6,3.0,2.0,20000.0
6.0,5,8,2.0,3.0,30500.0
6.0,4,6,3.0,2.0,29500.0
7.0,3,6,3.0,2.0,30000.0
5.0,4,7,3.0,2.0,27000.0
5.0,4,6,3.0,2.0,23500.0
4.0,5,7,3.0,2.0,26000.0
4.0,5,7,3.0,2.0,25000.0
4.0,5,7,3.0,2.0,24999.0
5.0,8,11,1.0,4.0,65500.0
6.0,3,3,0.0,0.0,10400.0
7.0,4,6,2.0,4.0,40999.0
7.0,6,8,2.0,3.0,35250.0
5.0,4,5,0.0,0.0,14999.0
6.0,4,5,3.0,2.0,15500.0
5.0,5,6,3.0,2.0,20191.0
5.0,1,4,0.0,0.0,12572.0
5.0,4,6,3.0,2.0,24307.0
5.0,3,6,3.0,2.0,22934.0
5.0,3,5,3.0,2.0,17104.0
5.0,5,8,3.0,2.0,25999.0
5.0,4,6,3.0,2.0,24300.0
2.0,4,7,3.0,2.0,28500.0
5.0,4,6,3.0,2.0,25605.0
9.0,4,8,2.0,3.0,38000.0
5.0,3,6,3.0,2.0,23200.0
10.0,9,9,2.0,3.0,31098.0
5.0,6,9,3.0,2.0,29407.0
4.0,3,6,3.0,2.0,21000.0
8.0,3,6,3.0,2.0,22000.0
8.0,3,6,3.0,2.0,21000.0
5.0,3,4,0.0,0.0,9200.0
5.0,1,4,1.0,4.0,65000.0
5.0,3,6,3.0,2.0,21500.0
6.0,6,5,0.0,0.0,13500.0
5.0,5,6,3.0,2.0,22000.0
11.0,4,4,0.0,0.0,13000.0
6.0,1,4,0.0,0.0,14629.0
5.0,2,4,0.0,0.0,14874.0
5.0,4,7,3.0,2.0,25000.0
5.0,4,8,2.0,3.0,37750.0
6.0,4,5,3.0,2.0,21600.0
6.0,5,7,3.0,2.0,29000.0
6.0,3,6,3.0,2.0,20500.0
6.0,3,6,3.0,2.0,17800.0
6.0,4,7,3.0,2.0,26750.0
6.0,3,7,2.0,4.0,48000.0
6.0,3,8,2.0,3.0,37750.0
6.0,2,3,0.0,0.0,11600.0
1.0,4,9,2.0,3.0,31999.0
1.0,3,4,0.0,0.0,13500.0
1.0,5,5,3.0,2.0,18599.0
6.0,2,5,3.0,2.0,25000.0
1.0,3,5,0.0,0.0,13867.0
11.0,3,5,0.0,0.0,10900.0
1.0,3,5,0.0,0.0,10193.0
1.0,4,5,0.0,0.0,10630.0
4.0,3,4,3.0,2.0,21360.0
8.0,7,8,2.0,3.0,41000.0
6.0,1,4,3.0,2.0,15100.0
